Links,Status,Data,Due date,Content Done?,HashTags,Stage,Notes
https://www.instagram.com/reel/DErmHi1MVV4/?utm_source=ig_web_copy_link,Downloaded,,1/13/2025 0:00:00,FALSE,,Pre-event,
https://www.instagram.com/reel/DElJZ51zwfl/?utm_source=ig_web_copy_link,Completed,1,1/15/2025 0:05:30,FALSE,,Day of,
https://www.instagram.com/p/DCCDGRvSNzY/,Completed,2,1/15/2025 19:30:00,FALSE,,Post-event,
https://www.instagram.com/p/DDeW3WbBQO4/,Completed,3,1/15/2025 21:30:00,FALSE,,,
https://www.instagram.com/p/DDHtBDjIKBq/,Completed,4,1/16/2025 2:30:00,FALSE,,,
https://www.instagram.com/p/C_8rmtACad4/,Completed,5,1/16/2025 5:30:00,FALSE,,,
https://www.instagram.com/p/DDznM7aPsc0/,Completed,6,1/16/2025 20:30:00,FALSE,,,
https://www.instagram.com/p/DEmeBKeOZjj/,Completed,7,1/16/2025 23:55:00,FALSE,,,
https://www.instagram.com/p/DA8VypKotlk/,Completed,,1/17/2025 2:30:00,FALSE,,,
https://www.instagram.com/p/C_hx0GMtubr/,Completed,,1/17/2025 5:30:00,FALSE,,,
https://www.instagram.com/p/DCqjhpXvEL6/,Completed,,1/17/2025 20:30:00,FALSE,,,
https://www.instagram.com/p/C-csqbMgRL1/,Completed,,1/17/2025 23:55:00,FALSE,,,
https://www.instagram.com/p/DDNYTjBOBb0/,Completed,,1/18/2025 2:30:00,FALSE,,,
https://www.instagram.com/p/DD2sEjho2L6/,Completed,,1/18/2025 5:30:00,FALSE,,,
https://www.instagram.com/p/C_eAwmeSQYF/,Completed,,1/18/2025 18:30:00,FALSE,,,
https://www.instagram.com/p/DEH8SIfNW6_/,Completed,,1/18/2025 21:30:00,FALSE,,,
https://www.instagram.com/p/DA--DUQgnki/,Completed,,1/18/2025 23:55:00,FALSE,,,
https://www.instagram.com/p/DCqO2j7oaQu/,Completed,"After 11 months traveling solo, I learned to truly enjoy being alone. Don't get me wrong, I love meeting new people & traveling with them and I do it often.

But now, I also LOVE my time alone and the quote ""better be solo than with the wrong people"" never made more sense to me than now.

#hitchhiking #womanwhoexplore #sologirltravel #solowomantraveler #budgettravel #hikemoreworryless #wildwoman #travelwithme #dailytravelvlogs #womanoutdoors #cheerstoadventures #type2fun #hitchhikingtrip #hitchhikingstories #womanwhotravel #budgettraveltips#passionoutdoors #learnoutdoors #backpackingessentials #safeadventure #solofemalehiker #solofemale #outdoortips #cheerstoadventure #hikingblogger #hikingtips #womanwhohike #outdoorexploration #hikingblog #outdooreducator",1/19/2025 2:30:00,FALSE,,,
https://www.instagram.com/p/DAjCaozNQKD/,Completed,"Freefall adventure. Skydiving.

#freefall #skydiving #adrenaline #adrenalinerush #extremesports #lifetime #extremejump #adventuretime #adventure #outdoorsports #outdoorsadventures #bucketlist #extremesportpin #bringmetolife",1/19/2025 5:30:00,FALSE,,,
https://www.instagram.com/p/DEs1D5fzXVW/,Completed,"Afternoon trails with the cousin ğŸƒâ€â™‚ï¸ â›°ï¸
ğŸ¥ @osmo_global

#trailrunning #parkourtrailrunning #parkour #movement #training #functionalfitness #hawaii",1/19/2025 18:30:00,FALSE,,,
https://www.instagram.com/p/DEkg2i2JyOq/,Completed,"ğŸ¥¾ğŸ’ª Trekking isnâ€™t easy. Each step challenges your endurance, and every kilometer tests your determination. But when you reach the top and the views take your breath away, every effort is worth it. ğŸ”ï¸âœ¨

ğŸ”âœ¨ The mountains teach us that the best things in life arenâ€™t always easy, but theyâ€™re always worth it. ğŸŒ„ğŸŒ¿

ğŸ“¸ @thegrittyhiker

#trekking #hikingadventures #naturelovers #exploreperu #visitperu #travelperu #bucketlist #perutravel #mountainlife",1/19/2025 21:30:00,FALSE,,,
https://www.instagram.com/p/DB0noYFo-pI/,Completed,,1/19/2025 23:55:00,FALSE,,,
https://www.instagram.com/p/DAiny1ZvMuF/,Completed,,1/20/2025 2:30:00,FALSE,,,
https://www.instagram.com/p/DEH8SIfNW6_/,Completed,"The Huashan Changkong Plank Road is a wild, heart-pounding hike! You walk along narrow, cliffside planks, with jaw-dropping views of steep drops and jagged peaks. The path is intense and not for the faint-hearted, but the thrill and scenery make it totally worth it. Itâ€™s an adrenaline-packed adventure high up in the mountains! â›°ï¸ğŸŒ„

ğŸ¥: @acousticfukra

ğŸ“² Download the Free Tripio App to Explore More & Travel Better ğŸ’™ Link in bio ğŸ‘† @tripioapp

#tripioapp #tripio #trip #trips #travelgram #travelling #traveler #instatravel #traveling #travelphotography #travelingram #travels #destination #destinationearth #vacation #vacationtime #vacationmode #vacations #usatravel #usa #usagram #visitusa #china #chines #viaferrata #hike",1/20/2025 5:30:00,FALSE,,,
https://www.instagram.com/p/DCGzbFUs26S/,Completed,"Letâ€™s go broğŸš¶ğŸ»ğŸš¶ğŸ»â€â™‚ï¸
.
.
#reels #fyp #instagram #adventure #trekking #mountain",1/20/2025 18:30:00,FALSE,,,
https://www.instagram.com/p/DB1yqeStgKX/,Completed,,1/20/2025 21:30:00,FALSE,,,
https://www.instagram.com/p/DCfD1bFIsuE/,Completed,"When lost in a tree, go for threeğŸ˜µâ€ğŸ’«

Was going for kong double half here, but boosted way farther than I thought I could, caught a face full of leaves, and perfectly saved with a triple insteadğŸ’€ Very thankful I was able to stay calm in the air, find the water, and execute nonetheless. #cliffjumping #parkour #blam #boost #maui #hana #roadtohana #triple #waterfall #80ft",1/20/2025 23:55:00,FALSE,,,
https://www.instagram.com/p/DAi0DYJsFPf/,Completed,"ğŸ“Archenkanzel / Berchtesgaden ğŸ‡©ğŸ‡ª

FollowğŸ‘‰ @____koudy____

#hiking #hikingadventures #hikingculture #berge #bergliebe #mountains #alps #cross #bergen #germany #hikingğŸ‘£ #nature #naturelovers #bergliebeğŸ”ï¸#crosstraining #nature_perfection #bergwelten #hikingadventures #nature #bayernliebe
@berchtesgaden.de @visitbayern @bergliebe_official @goettgen @bayern.de @bergwelten @bayernliebe_official @alpenliebe_official",1/21/2025 2:30:00,FALSE,,,
https://www.instagram.com/p/DDm126ySEqK/,Completed,"Roaming the pacific north west..

#travel #explore #cinematic #sonyalpha #pnw #wander",1/21/2025 5:30:00,FALSE,,,
https://www.instagram.com/p/DAijOcYt8ah/,Completed,"Switzerland ğŸ‡¨ğŸ‡­ğŸ¡ğŸŒ²ğŸ•Šï¸

ğŸ“¸ @swisslife.nature

#swissalps #landscape #nature #suisse
#appenzell #mountains #myswitzerland
#wanderlust #seealpsee #naturelovers
#switzerland #stgallen #swisslandscape
#photography #inlovewithswitzerland
#naturephotography #schweiz #love
#visitswitzerland #alps #beautiful #view",1/21/2025 18:30:00,FALSE,,,
https://www.instagram.com/p/DD2PLF6tQZz/,Completed,"Join the group! ğŸ«¶ğŸ¼
#travel #group #adventure #friends",1/21/2025 21:30:00,FALSE,,,
https://www.instagram.com/p/DCsB4T6uZ49/,Completed,"ğŸ“á´á´‡É´á´›Éªá´É´ Êá´á´œÊ€ á´„á´á´œÉ´á´›Ê€Ê ÉªÉ´ á´›Êœá´‡ á´„á´á´á´á´‡É´á´›êœ± ğŸ‘‡ğŸ¼
-
ğŸš¸êœ°á´ÊŸÊŸá´á´¡ @wisincome
-
ğŸš¸êœ°á´ÊŸÊŸá´á´¡ @wisincome
-
ğŸš¸êœ°á´ÊŸÊŸá´á´¡ @wisincome
-
-
-
-
#mindsetmatters #successmindset #motivationdaily #goalsetting #dreambig #positivevibes #motivatedminds #mindsetshift #selfgrowth #luxurylifestyle #dreamlife #millionairemindset #luxuryworld #richlifestyle #successlife #liveyourdreams #luxuryliving #entrepreneurmindset #entrepreneurlifestyle #businessgoals #wifiwealth #financialfreedom #investmentopportunity #wisincome #uk #usa #europe",1/21/2025 23:55:00,FALSE,,,
https://www.instagram.com/p/DBt8amNyBf9/,Completed,"Our beautiful world pt. 2

#travel #explore #cinematic #wander #sonyalpha #sony",1/22/2025 2:30:00,FALSE,,,
https://www.instagram.com/p/DA2vIS7t8S_/,Moved to Phone,"We didn't quite check the weather
â€¢
The road to 4K has proven to be more difficult than we tought. On the first attempt one of us got sick and on the second attempt we ended up in a blizzard with wind gusts up to 60-70km/h.
Standing up on the ridge back towards Aiguille du Midi was almost impossible.

#adventureawaitsletsexplore",1/22/2025 5:30:00,FALSE,,,
https://www.instagram.com/p/DBq4PVpS7NN/,Completed,"That dream ğŸ”ï¸

.

.

.

.

#reelsinstagram #trendingreels #trendingaudio #reelitfeelit #travelreel #explore #explorepage #mountains #mountainslovers #nepal #nepaltourism #annapurnabasecamp #nepaltravel #pahad #nature #peace #lifequotes #trekking #bagpacking #travelgram",1/22/2025 18:30:00,FALSE,,,
https://www.instagram.com/p/DE0AtWUSvpx/,Completed,"1 long sleeve
1 pajama set
5 days socks + underwear
1 fleece
@rei Sahara shade hoodie
@cotopaxi puffer coat
rain jacket
Hat + beanie + scarf
@birkenstock
Trail runners

PERSONAL CARE:
Toothbrush + toothpaste
SUNSCREEN
skincare
minimal makeup
Shampoo bars + bar soap
Hairbrush
Inhaler
Chapstick
Hand sanitizer
Tide stick

â€œGEARâ€ + FOOD
Trekking poles
Sleeping bag liner
Towel
Water bottle
Hydration bladder
@stasherbag x2
Bamboo cutlery
@mtnhouse meals for each night
Granola bars + @chomps
@drinklmnt electrolytes

ETC
Kindle
Camera + film
Portable charger
Eye mask + @loopearplugs
Headphones (didnâ€™t use)
Sunglasses
Passports

This is our very first overnight backpacking trip and we canâ€™t wait to get started!!

Follow @travelersforgood for daily vlogs of the W-Trek and more outdoor hiking adventures ğŸŒ

#wtrek #wtrekpatagonia #wtrektorresdelpaine #torresdelpainenationalpark #torresdelpaine #backpacktravel #backpacktraveller #packwithme #trekking #trekkingchile",1/22/2025 21:30:00,FALSE,,,
https://www.instagram.com/p/DEnS680xQkR/,Completed,"This is probably ur sign to go book that trip

#travel #nature #camping #liveyourbestlife",1/22/2025 23:55:00,FALSE,,,
https://www.instagram.com/p/DDLTl_zSIKn/,Completed,"Or you could just watch 100 reels in places like this ğŸ‘

#hiking #hike #mountains #views #beautiful #nature #scenic #adventure #reels #fyp",1/23/2025 2:30:00,FALSE,,,
https://www.instagram.com/p/DCjsCGtyqbe/,Completed,,1/23/2025 5:30:00,FALSE,,,
https://www.instagram.com/p/DBwK12IslXk/,Completed,"Hey Camping Fans! Whatâ€™s your favorite campsite or camping location youâ€™ve been to?

Drop a comment about this reel...

Following us @campingfans_club

Credit : @outdoorlife.plus

.
.
.
.
.
.
.
.
.

#camping #campinglife #campingtrip #campingvibes #campingfun #campingadventures #campinglove#campingout",1/23/2025 18:30:00,FALSE,,,
https://www.instagram.com/p/DBwpzRQtNa6/,Completed,"ğŸ•ï¸ Hey Camping Fans! Whatâ€™s one mistake you made while camping that you learned from?

Drop a comment about this reels...

Following us @campingfans_club

Credit : @camping.expedition
.
.
.
.
.
.
.

#camping #campinglovers #familyfun #campingculture #familycamping #camplife #camper #campingparty",1/23/2025 21:30:00,FALSE,#camping #campinglovers #familyfun #campingculture #familycamping #camplife #camper #campingparty,,
https://www.instagram.com/p/DBzJzsON0ts/,Completed,,1/23/2025 23:55:00,FALSE,#camper #campinghiking #camperlovers #campingislife #campinggoals #campingpix #campingequipment #campingmitkindern,,
https://www.instagram.com/p/DBzcUuVOKpU/,Completed,,1/24/2025 2:30:00,FALSE,#camper #campinghiking #camperlovers #campingislife #campinggoals #camping #campingequipment #campingmitkindern,,
https://www.instagram.com/p/DB4JRqpO9ug/,Completed,,1/24/2025 5:30:00,FALSE,#camping #campingbogor #campinggirl #campernight #campingdog #camperhack #outdooradventure #camperfun,,
https://www.instagram.com/p/DB6jcuZNjuN/,Completed,,1/24/2025 18:30:00,FALSE,#camping #campinglife #campingtrip #campingvibes #campingfun #campingadventures #campinglove #campingout,,
https://www.instagram.com/p/DB7L-cDsL5o/,Completed,"ğŸ•ï¸ Hey Camping Lover! Whatâ€™s your favorite campfire story to tell?

Drop a comment about this reels...

Following us : @hike_camp__

Credit : @thenikosknife
.
.
.
.
.
.

#outdoorcooking #camping #outdoorfood #river #campingfood #cooking #cookingtime #cookingram",1/24/2025 21:30:00,FALSE,,,
https://www.instagram.com/p/DB9Htp6u8M3/,Completed,"ğŸ•ï¸ Hey Camping Lover! Whatâ€™s the longest youâ€™ve gone without a shower while camping?

Drop a comment about this reels...

Following us : @hike_camp__

Credit : @outdoorswithfox
.
.
.
.
.
.

#camping #forest #river #shower #campingout #forestlovers #showerriver #campingtrailer",1/24/2025 23:55:00,FALSE,,,
https://www.instagram.com/p/DB9d3YpOI-H/,Completed,"ğŸ•ï¸ Hey Camping Lover! How can I cook eggs while camping without breaking them in transit?

Drop a comment about this reels...

Following us : @hike_camp__

Credit : @kingwald1
.
.
.
.
.
.

#cooking #camping #campingcooking #camper #campingfood #firecooking #campfire",1/25/2025 2:30:00,FALSE,,,
https://www.instagram.com/p/DB9xRklOETr/,Completed,"ğŸ•ï¸ Hey Camping Lover! What are some quick, no-cook meal ideas for when youâ€™re short on time or fuel?

Drop a comment about this reels...

Following us : @hike_camp__
Credit : @thenikosknife
.
.
.
.
.
.

#cookinginnature #cook #camping #cooking #campinglife #cookingtime",1/25/2025 5:30:00,FALSE,,,
https://www.instagram.com/p/DCCQli4s64a/,Completed,"ğŸ•ï¸ Hey Camping Lover! What are some quick, one-pot meal ideas that are easy to make over a campfire?

Drop a comment about this reels...

Following us : @hike_camp__

Credit : @thefoodie.alvia
.
.
.
.
.
.

#camping #cooking #cookingtime #cookingram #cookingathome #cookingwithlove #outdoorcooking",1/25/2025 18:30:00,FALSE,,,
https://www.instagram.com/p/DCCbebyz9o4/?img_index=1,Completed,"ğŸ•ï¸ Hey Camping Lover! Whatâ€™s the most essential item you always bring when camping, and why?

Drop a comment about this photo...

Following us : @hike_camp__

Credit : @nobwoodsman
.
.
.
.
.
.

#camping #tent #tentcamping #backpacking #campinglover #outdoors #campingtrip",1/25/2025 21:30:00,FALSE,,,
https://www.instagram.com/p/DCFHaOOOj5w/,Completed,"ğŸ•ï¸ Hey Camping Lover! Whatâ€™s your favorite campfire snack?

Drop a comment about this photo...

Following us : @hike_camp__

Credit : @willem.explores
.
.
.
.
.
.
#mountains #campinglife #campingboy #campfire #campinghiking #campingfun",1/25/2025 23:55:00,FALSE,,,
https://www.instagram.com/p/DCFZjNWOVtC/,Completed,"ğŸ•ï¸ Hey Camping Lover! How do you keep pasta from clumping together while cooking?

Drop a comment about this reels...

Following us : @hike_camp__

Credit : @kingwald1
.
.
.
.
.
.
#cooking #camping #cookingtime #outdoorcooking #riversidecookies #food #cookinghealthy",1/26/2025 5:30:00,FALSE,,,
https://www.instagram.com/p/DCHgcArOKne/,Completed,"ğŸ•ï¸ Hey Camping Lover! Do you prefer camping in the mountains, forest, or by the lake?

Drop a comment about this reels...

Following us : @hike_camp__

Credit : @outdoorlife.plus
.
.
.
.
.
.
#camping #travel #camp #tentview #river #camping_lifestyle #campinghacks #campingfood",1/26/2025 18:30:00,FALSE,,,
https://www.instagram.com/p/DCIElwEtTzy/,Completed,"ğŸ•ï¸ Hey Camping Lover! Whatâ€™s your go-to tent setup?

Drop a comment about this reela...

Following us : @hike_camp__

Credit : @leo_saqib7
.
.
.
.
.
.
#camping #travel #camp #tentview #ice #icemountains
#lovecamping #campinghacks #campinghiking",1/26/2025 21:30:00,FALSE,,,
https://www.instagram.com/p/DCKMgnkzCUl/?img_index=1,Completed,"ğŸ•ï¸ Hey Camping Lover! Do you like to bring music or enjoy natural sounds?

Drop a comment about this photo...

Following us : @hike_camp__
Credit : @outdoor.archives
.
.
.
.
.
.
#camping #travel #camp #campingwithfriends #ilovecamping #campinghiking #campingday",1/26/2025 23:55:00,FALSE,,,
https://www.instagram.com/p/DCKTXSKsQiH/,Completed,"ğŸ•ï¸ Hey Camping Lover! Do you enjoy camping in the snow?

Drop a comment about this reels...

Following us : @hike_camp__

Credit : @mountain_planet
.
.
.
.
.
.
#camping #travel #camp #ice #campinghacks #campingtrip #campingtime #campingholiday #campingfun",1/27/2025 2:30:00,FALSE,,,
https://www.instagram.com/p/DCMozMXNikm/,Completed,"ğŸ•ï¸ Hey Camping Lover! How do you keep things organized while camping?

Drop a comment about this reels...

Following us : @hike_camp__

Credit : @accuweather
.
.
.
.
.
.
#camping #travel #camp #tentview #campingtime #campingtent #camper",1/27/2025 5:30:00,FALSE,,,
https://www.instagram.com/p/DEPB2n3xVYh/,Completed,"Netflix and Chill on wheels? Tell us your go-to movie or show for the ultimate cozy van vibes! ğŸ¥ğŸŒŒ Drop your faves belowğŸ‘‡
Following us : @hike_camp__
CC : @lilia_rt

#Estellar #WirelessAdventureAwaits #SlowLiving #VanLifeVibes #StarryNights #LifeOnTheRoad #SimpleJoys #WanderlustLife #AdventureAwaits #NomadicLiving #HomeIsWhereYouParkIt #OffGridDreams",1/27/2025 18:30:00,FALSE,,,
https://www.instagram.com/p/DCw9wTBzJYQ/,Completed,"Adrenaline junkies, assemble! ğŸ’¥

Embark on mindblowing adventures with JoinMyTrip. Our trips take your travel game to the next level, as youâ€™ll enjoy extraordinary itineraries and meet like-minded friends along the way.
___________________________________
Following us : @hike_camp__ for more content

No copyright infringement intended

#joinmytrip #adrenaline #grouptrip",1/27/2025 21:30:00,FALSE,,,
https://www.instagram.com/p/C_1SxSHMwgO/,Completed,"Lake of the muzelle, a view that deserves it! +1300m of difference in altitude
Following us : @hike_camp__
.
.
.
.
#hiking #mountain #adventure #vinland #foryou #isere #rando",1/24/2025 23:55:00,FALSE,,,
https://www.instagram.com/p/C_GpB7MIlxg/,Completed,"little momements that bring so much joy in Dolomites â›°ï¸
Following us : @hike_camp__
#rainyday #dancingintherain #couplegoals #freetherapy #raindrops #happyness #simplicity #natureappreciation",1/28/2025 2:30:00,FALSE,,,
https://www.instagram.com/p/DEgGzHjIHX-/,Completed,"Ready to conquer the trail? ğŸŒ„ Get the gear that makes every hike unforgettable. ğŸ¥¾ Shop now at @hike_camp__
.
.
.
.
.
.
.
.
.
.
#hiking #mountain #adventure #vinland #foryou #isere #rando #HikingGear #CampingLife #OutdoorAdventure #HikeMoreWorryLess #AdventureAwaits #ExploreMore #CampingVibes #BackpackingLife #TrailLife #NatureLovers",1/28/2025 5:30:00,FALSE,,,
https://www.instagram.com/p/C-nBankBj2G/,Completed,"Ready to conquer the trail? ğŸŒ„ Get the gear that makes every hike unforgettable. ğŸ¥¾ Shop now at @hike_camp__
.
.
.
.
.
.
.
.
.
.
#hiking #mountain #adventure #vinland #foryou #isere #rando #HikingGear #CampingLife #OutdoorAdventure #HikeMoreWorryLess #AdventureAwaits #ExploreMore #CampingVibes #BackpackingLife #TrailLife #NatureLovers",1/28/2025 18:30:00,FALSE,,,
https://www.instagram.com/p/DBJCJC7u70Y/,Completed,"Whatâ€™s your next adventure destination? ğŸŒ Wherever it is, our gearâ€™s got your back. Check out our collection now! ğŸï¸
@hike_camp__
.
.
.
.
.
.
.
.
.
.
#mountains #mountain #hike #mountaineering #explore #wonderful_places #wonderful #wonderfulindonesia #earth #heaven""",1/28/2025 21:30:00,FALSE,,,
https://www.instagram.com/p/DEc2DPNvlY0/,Completed,"POV Flying the wave line ğŸŒŠ ğŸï¸
@hike_camp__
.
.
.
.
.
.
.
.
.
.
#mountains #mountain #hike #mountaineering #explore #wonderful_places #wonderful #wonderfulindonesia #earth #heaven""",1/28/2025 23:55:00,FALSE,,,
https://www.instagram.com/p/DEW2tvix5io/,Completed,"If give you 100 million, would you dare to walk on the longest via ferrata in Asia?ğŸï¸
@hike_camp__
.
.
.
.
.
.
.
.
.
.
#mountains #mountain #hike #mountaineering #explore #wonderful_places #wonderful #wonderfulindonesia #earth #heaven""",1/29/2025 2:30:00,FALSE,,,
https://www.instagram.com/p/DFQMA9_Tjqm/,Completed,"ğŸ•ï¸ Hey camping lovers! Following us @hike_camp__ for more!

Tag a friend! ğŸ«‚

Please DM me for credit or removal.
.
.
#camping #outdoor #nature #river #tentcamping #tent #forest #campinglife #adventure",1/29/2025 5:30:00,FALSE,,,
https://www.instagram.com/p/DFOSIa1TJP1/,Completed,"ğŸ•ï¸ Hey camping lovers! Following us @hike_camp__ for more!

Tag a friend! ğŸ«‚

Please DM me for credit or removal.
.
.
#camping #campingtrip #campinglover #campingvibes #campinggear #riversidecamping #ilovecamping #naturelover #campingday #AdventureAwaits",1/29/2025 18:30:00,FALSE,,,
https://www.instagram.com/p/DFNmZyVzg2J/,Completed,"ğŸ•ï¸ Hey camping lovers! Following us @hike_camp__for more!

Tag a friend! ğŸ«‚

Please DM me for credit or removal.
.
.
#camping #outdoor #nature #river #tentcamping #tent #forest #campinglife #AdventureLust",1/29/2025 21:30:00,FALSE,,,
https://www.instagram.com/p/DFLrVCoTrmK/,Completed,"ğŸ•ï¸ Hey camping lovers! Following us @hike_camp__ for more!

Tag a friend! ğŸ«‚

Please DM me for credit or removal.
.
.
#camping #campingtrip #campinglover #campingvibes #campinggear #riversidecamping #ilovecamping #naturelover #campingday #adventureAwaits",1/29/2025 23:55:00,FALSE,,,
https://www.instagram.com/p/DFLDDmSTxB7/,Completed,"ğŸ•ï¸ Hey camping lovers! Following us @hike_camp__ for more!

Tag a friend! ğŸ«‚

Please DM me for credit or removal.
.
.
#camping #outdoor #nature #river #tentcamping #tent #forest #campinglife #adventurelife",1/30/2025 2:30:00,FALSE,,,
https://www.instagram.com/p/DFIfKVrTAs2/,Completed,"ğŸ•ï¸ Hey camping lovers! Following us @hike_camp__ for more!

Tag a friend! ğŸ«‚

Please DM me for credit or removal.
.
.
#camping #outdoor #nature #river #tentcamping #tent #forest #campinglife #adventurelife",1/30/2025 5:30:00,FALSE,,,
https://www.instagram.com/p/DFGlo0tTuSX/,Completed,"ğŸ•ï¸ Hey camping lovers! Following us @hike_camp__ for more!

Tag a friend! ğŸ«‚

Please DM me for credit or removal.
.
.
#camping #campingtrip #campinglover #campingvibes #campinggear #riversidecamping #ilovecamping #naturelover #campingday #adventureAwaits",1/30/2025 18:30:00,FALSE,,,
https://www.instagram.com/p/DE-sI4oTW7x/,Completed,"ğŸ•ï¸ Hey camping lovers! Following us @hike_camp__ for more!

Tag a friend! ğŸ«‚

Please DM me for credit or removal.
.
.
#camping #outdoor #nature #river #tentcamping #tent #forest #campinglife #adventuremobile",1/30/2025 21:30:00,FALSE,,,
https://www.instagram.com/p/DE7s4DFTqy9/,Completed,"ğŸ•ï¸ Hey camping lovers! Following us @hike_camp__ for more!

Tag a friend! ğŸ«‚

Please DM me for credit or removal.
.
.
#camping #campinglife #adventuretime #tentview #campingfun #camper #camping #campingadventures",1/30/2025 23:55:00,FALSE,,,
https://www.instagram.com/p/DE5HSBJTCdu/,Not started,"ğŸ•ï¸ Hey camping lovers! Following us @hike_camp__ for more!

Tag a friend! ğŸ«‚

Please DM me for credit or removal.
.
.
#camping #campinglife #adventuretime #tentview #campingfun #camper #camping #campingadventures #adventure",1/31/2025 2:30:00,FALSE,,,
https://www.instagram.com/p/DE0jhx0T831/,Completed,"ğŸ•ï¸ Hey camping lovers! Following us @hike_camp__ for more!

Tag a friend! ğŸ«‚

Please DM me for credit or removal.
.
.
#camping #campinglife #adventuretime #tentview #campingfun #camper #camping #campingadventures #adventure",1/31/2025 5:30:00,FALSE,,,
https://www.instagram.com/p/DEzrlM6TZkX/,Completed,"ğŸ•ï¸ Hey camping lovers! Following us @hike_camp__ for more!

Tag a friend! ğŸ«‚

Please DM me for credit or removal.
.
.
#camping #outdoor #nature #river #tentcamping #tent #forest #campinglife #AdventureLovers",1/31/2025 18:30:00,FALSE,,,
https://www.instagram.com/p/DExXbpDzN1L/,Completed,"ğŸ•ï¸ Hey camping lovers! Following us @hike_camp__ for more!

Tag a friend! ğŸ«‚

Please DM me for credit or removal.
.
.
#camping #campinglife #adventuretime #tentview #campingfun #camper #camping #campingadventures #adventure",1/31/2025 21:30:00,FALSE,,,
https://www.instagram.com/p/C-U4kpUOHUg/,Completed,"Itâ€™s still hotğŸ”¥
.
Dreaming of water and cold!!
Follow us: @hike_camp__
.
Another skill being lost to archives is cruising around on low angle ice. Itâ€™s an interesting phenomenon as I often see climbers flying up WI 5 and even WI 6 but struggling to move around on the ground on low angle iceğŸ˜¬
.
These are the skills that can really help in the mountains on alpine routes. No big deal if you just crag at Ouray and only want to climb steep ice but if some of your goals are alpine routes that can get scrappy then spend some time learning how to flat foot!
.
.
.
âœ”ï¸What are the keys to smooth and efficient flat footing?
.
.
#SterlingAthlete #sterlingrope #Petzlgram #arcteryx #celebratewild #LaportivaNA #myjhmgstory #amga1979 #Sterling25  #climbing #mountains #rockclimbing #nature #backcountryaccess #ifmga",1/31/2025 23:55:00,FALSE,,,
https://www.instagram.com/p/DDMX09yyUl7/,Completed,"Experience the Land of Wonders: Nepal â€“ Where Culture, Adventure, and Natural Beauty Unite 
.
.
Follow Us: @hike_camp__
.
.
ğŸŒ„ #VisitNepal #ExploreNepal #Nepal #vyastreks #vyastreksandexpedition #vyastreksnepal #travelagency #travelinspiration #travelnepal #travelphotography #TravelGoals #TravelAndExplore #nepalhelicoptertour #nepaltravel #NepalDiaries #NepalMountains #NepalTravel #NepaliCulture #trekking #TrekkingAdventures #TrekkingInNepal #TrekkingNepal #trek #TrekkingLife #mountainescape #mountains #mountainadventures #mountainviews #mountainsofnepal #reels #foryou",2/1/2025 5:30:00,FALSE,,,
https://www.instagram.com/p/DBNkE0-xhG0/,Completed,"I am bro ğŸ—»
.
.
Follow Us: @hike_camp__

#mountains #mountaineering #k2 #everest #8thousander #climbing #hiking #alpinism #annapurna #lhotse #edit #climbingedit #14peaks #discipline #success #ascend #summit #peak #dopamine",2/1/2025 18:30:00,FALSE,,,
https://www.instagram.com/p/DE5ZFC9yHb0/,Completed,"ag them !
.
.
.
#explore #photography #mountains #nature #outdoors #hiking #backpacking #iphone #fyp#adventure #travel #gorpcore #explorepage #foryou",2/1/2025 21:30:00,FALSE,,,
https://www.instagram.com/p/DC_x4haMq18/,Completed,"A dreamy sunset view from above the clouds in Grenoble, France. The orange and pink sky paints a peaceful moment over the frosty mountain tops. ğŸŒ„â˜ï¸
â€” @hike_camp__",2/1/2025 23:55:00,FALSE,,,
https://www.instagram.com/p/DFGHcI6sThd/,Completed,"days like this remind us how lucky we are to call scotland home ğŸ´ó §ó ¢ó ³ó £ó ´ó ¿ğŸ’™
Follow @hike_camp__
because what more do you need in life than your dogs & best friends for your dogs whose dog parents are also your best friends, oh and a cheeky cloud inversion of course ğŸ¥¹",2/2/2025 2:30:00,FALSE,,,
https://www.instagram.com/p/DBJPlqqsxpQ/,Completed,"The majestic beauty of the mountains under a glowing sunset, where nature feels untouched and timeless. ğŸŒ„ğŸï¸ A serene escape into the wilderness. #MountainViews #NatureEscape #SunsetSerenity",2/2/2025 5:30:00,FALSE,,,
https://www.instagram.com/p/DDj7LlnInFv/,Completed,"So schÃ¶ne NÃ¤chte im Zelt am Norwegischen Strand ğŸ«¶ğŸ¼
.
.
.
Follow @hike_camp__
___________________________________
#vanlife #vanlifegoals #vansofgermany #spanien #livingvanlife #vanliferfriends #vwt5 #exploregermany #conversion #campervan #camper #bullilove #weroamgermany #weroamhome #vanlifediaries #roadtrip #vwjourney #adventure #explorenorway #homeonwheels #vanlifedistrict #vanclans #vanliferules #camperideas #teawithaview #vanlifegermany #norge #diyvan #diyvanconversion #vanausbau",2/2/2025 18:30:00,FALSE,,,
https://www.instagram.com/p/DEfwGLJsg5K/,Completed,"They want to go camping with you!
.
.
.
Follow: @hike_camp__
#nature #nature #hiking #camping #wildcamping #hikingadventures #dartmoornationalpark #dartmoor #photography #adventure #lifestyle #outdoorslife #outdoorslifestyle #reel #outdoors",2/2/2025 21:30:00,FALSE,,,
https://www.instagram.com/p/DESTKAatsi_/,Completed,"Just me and bro on top of the world

#mountains #mountaineering #k2 #everest #8thousanders #climbing #hiking #alpinism #climbingedit",2/2/2025 23:55:00,FALSE,,,
https://www.instagram.com/p/DEyxNMruKCM/,Completed,"Seems like a good idea to me ğŸ”ï¸

Comment the best idea youâ€™ve ever had ğŸ¤

#suittosummit #hiking #hikingadventures #climbing #hikingculture #hikingtrails #mountaineering #hikingmemes #hikinglife #mountains",2/3/2025 2:30:00,FALSE,,,
https://www.instagram.com/p/DEmgJpey0Pc/,Not started,"Follow For more: @hike_camp__
Mount Dukono, located on Halmahera Island in Indonesiaâ€™s Maluku Province, is one of the most active volcanoes in the region. As a stratovolcano, it has frequent eruptions, emitting powerful ash plumes and lava flows that captivate both researchers and adventurers. The volcanoâ€™s geological features make it a prime subject for volcanology studies. Its eruptions are often unpredictable, making it an exciting yet dangerous destination for those seeking a volcano adventure. Situated in a remote destination, Dukono is a spectacular sight, representing the raw power of nature. It remains one of the most notable active volcanoes in Indonesia.",2/3/2025 5:30:00,FALSE,,,
https://www.instagram.com/p/DE8TLVexxzY/,Completed,"I wonâ€™t fall short of my dreams.

High quality wallpapers in bio.

#mountains #mountaineering #k2 #everest #8thousander #climbing #hiking #alpinism #annapurna #lhotse #edit #climbingedit #14peaks #discipline #success #ascend #summit #peak #dopamine",2/3/2025 18:30:00,FALSE,,,
https://www.instagram.com/p/DDaIfNrtCUx/,Completed,"Dedication

#mountains #mountaineering #mteverest #everest #8thousanders #climbing #hiking #alpinism #climbingedit",2/3/2025 21:30:00,FALSE,,,
https://www.instagram.com/p/DAGFlOUoQsN/,Completed,"A glimpse of Heaven on Earth ..

Swiss AlpsğŸ‡¨ğŸ‡­
Follow @hike_camp__
-
-
-
-
#switzerland #swissalps #swissmountains #exploreswitzerland #amazingswitzerland #switzerland_vacations #switzerland_destinations #switzerlandtravel #sisiswiss #landscapes_sisiswiss #beautifuldestinations #mountains #naturelovers #hiking",2/3/2025 23:55:00,FALSE,,,
https://www.instagram.com/p/DE-pD0yMraq/,Completed,Spending time in nature with the boys #nature #camping #hiking #outdoors #wildcamping,2/4/2025 2:30:00,FALSE,,,
https://www.instagram.com/p/DE8brYlADgF/,Completed,"Follow (us) for more @hike_camp__ ğŸ¤˜ğŸ—¿
.
.
Via : @oliver.rowe.02
#rocks #funny #throwing",2/4/2025 5:30:00,FALSE,,,
https://www.instagram.com/p/DAR5zohRnCt/,Completed,"Eyes Wide ğŸ—»

#k2 #climbing #mountain #adventure #thrill #explore #everest",2/4/2025 18:30:00,FALSE,,,
https://www.instagram.com/p/DEj0idWz9MT/,Completed,"Natureâ€™s therapy: a tent, a fire, and the serene embrace of the forest. ğŸŒ²ğŸ”¥
.
.
.
.
.
.
.
#wildreamhom3 #cozy #relax #peaceful #cottage #nature #naturelover #NatureLovers #CozyCabin #fireplace #CampingVibes #IntoTheWoods #OutdoorEscape #cozyvibes #nature #forest #camp #campfire #coffeelover",2/4/2025 21:30:00,FALSE,,,
https://www.instagram.com/reel/DFp_-3tz9cC/?utm_source=ig_web_copy_link,Completed,,2/4/2025 23:55:00,FALSE,,,
https://www.instagram.com/p/DCBEYcoviXa/,Completed,"enjoy the rain showers ğŸŒ§ï¸

inframe produk :
navageo tent kap2
flysheet himalaya size 300x300

#wildshellourprotecadventure #wildshell #jaketwildshell #rain #relaxing #relaxtime #rainphotography",2/8/2025 23:55:00,TRUE,,,
https://www.instagram.com/p/DE0mkBqooIu/,Completed,"Hiking is hot",2/9/2025 2:30:00,TRUE,,,
https://www.instagram.com/p/DEe7Bnuyc6c/,Completed,"Enjoy Solo Camping with @hike_camp__

Quick Setup & Rock-Solid Support: No more struggling with complicated poles and setups! Featuring 7001 aluminum alloy poles with clip attachments, this tent stays stable even in strong winds and heavy rain.

Ample Space for Solo Adventuresï¼šWith dimensions of 210 x (60+110+60) x 100 cm, itâ€™s roomy enough for one person to sleep comfortably, stash gear, and even sit upright with ease.

Top-Notch Waterproof Performanceï¼šCrafted from 20D nylon with a silicone coating, every seam is tape-sealed to keep you completely dryâ€”no leaks, no drips.

Unmatched Waterproofingï¼šWith a 3000MM+ waterproof rating, this tent delivers reliable protection against rain. Whether youâ€™re setting up on the beach or braving a mountain downpour, this tent keeps you dry and stress-free.

SPECS:

* Unfolded Size: 210 Ã— (60 + 110 + 60) Ã— 100cm (82.7 Ã— (23.6 + 43.3 + 23.6) Ã— 39.4in)
* Inner Tent Size: 210 Ã— 110 Ã— 95cm (82.7 Ã— 43.3 Ã— 37.4in)
* Weight: 1.7kg(3.75in)
* Main fabric: 20D nylon single-sided silicone PU3000mm
* Inner tent: B3 small square + 20D nylon breathable thick
* Mat: 20D nylon single-sided silicone PU3000mm
* Stand: 7001 aluminum alloy
* Guns: 2mm solid core wind rope
* Ground nail: three-edged aluminum alloy
* Outer bag: 20D nylon single-sided silicone PU3000mm
* Package: Outer bag x1,Outer tent x1,Inner tent x1,Gunnage rope x4,Ground nail x10,Stand x1

Order now and create unforgettable memories with it!

Atepa online shop:
https://www.hikegear.xyz/

#ATEPA
#OutdoorGear
#CampingLife
#Solocamping
#camping
#campinggear
#campinginheavyrain
#campinginrainstorm
#outdooradventure
#tent",2/9/2025 5:30:00,TRUE,,,
https://www.instagram.com/p/DFHYFubPDcV/,Completed,"Strength, skill and determination.

ğŸ“¸Team Adventure Valley on Bara Shigri Glacier",2/9/2025 18:30:00,TRUE,,,
https://www.instagram.com/p/DFbMJpes8jj/,Completed,"ğŸ“¸ Credit: @itsak_ku007_adventure

#Mountainplanet #Mountain_planet #mountaineering #mountains #8848 #repost",2/9/2025 21:30:00,TRUE,,,
https://www.instagram.com/p/DEZbk-xvRJy/,Completed,"å¹´æœ«ã€é‚£é ˆé«˜åŸã®é‡å–¶åœ°ã«ã‚‚é›ªãŒãƒ‘ãƒ©ãƒ‘ãƒ©ã¨é™ã‚Šå§‹ã‚ã¾ã—ãŸ

é›ªä¸­ã‚­ãƒ£ãƒ³ãƒ—ã¨ã¾ã§ã¯ã„ã‹ãªã„ã‘ã©ã“ã®é›°å›²æ°—ã‚„ã£ã±ã‚Šã„ã„ã§ã™ã‚ˆã­

ãƒãƒ¼ãƒ©ãƒ³ãƒ‰è»å¹•ã«ãƒ—ãƒ©ã‚·ãƒ‘ãƒ©ãƒˆã‚«ã‚’é€£çµã—ã¦ãŠã“ã‚‚ã‚Šä»•æ§˜ã«

å†¬ã¯è»å¹•ãŒã»ã‚“ã¨ã‚ã‚ŠãŒãŸã„ã§ã™

video by
@nobwoodsman

#è»å¹• #ãƒãƒ¼ãƒ©ãƒ³ãƒ‰è»å¹• #é‡å–¶ #ã‚½ãƒ­ã‚­ãƒ£ãƒ³ãƒ— #ãƒ–ãƒƒã‚·ãƒ¥ã‚¯ãƒ©ãƒ•ãƒˆ #wildcamping #camping #bushcraft #bushcraftcamp #polishlavvu",2/9/2025 23:55:00,TRUE,,,
https://www.instagram.com/p/DEqhJKVoQMH/,Completed,"ğŸ—»
#dystrophan #scenery #nature #clouds #mountain #mounteverest #mountains #hiking #hikingadventures #explore #explorepage #daylight #dreamcore #naturecore #aesthetic",2/10/2025 2:30:00,TRUE,,,
https://www.instagram.com/p/DAvkRGVSTdd/,Completed,"We all remember our first times...
On September 20, 2023 I set foot in the death zone for the first time and reached the summit of my first 8000; Mount Manaslu, 8163m and 8th highest mountain in the world.

ğŸ¥ @charles.page.aventurier

#nepal #himalayas #mountains #everest #mountainlovers #mountainadventures #mountaineering #mountaineer #nepalvisuals #manaslu #everest #makalu #k2 #mountainview",2/10/2025 5:30:00,TRUE,,,
https://www.instagram.com/p/DE4RFY_v94h/,Completed,"Camplife under the stars . ğŸªµğŸ”¥ğŸŒ²ğŸŒŒ

#naturephotography #nature #forrest #camplife #stargazing",2/10/2025 18:30:00,TRUE,,,
https://www.instagram.com/p/DATkCYxoT6s/,Completed,"Forest Retreat: , cabin life, Cozy Vibes, and fire crackling #cozycabin #CozyVibes #firecrackling #ForestEscape",2/10/2025 21:30:00,TRUE,,,
,Not started,,2/10/2025 23:55:00,FALSE,,,
https://www.instagram.com/p/DB9ZcvFMNBn/,Completed,"Aku, kamu dan indahnya atap Jatengâœ¨

Video @m.samsss

â–â–â–â–â–â–â–â–â–â–â–â–â–â–â–â–â–
â© Bagikan moment terbaik mu disini...
â© Follow, Like + Tandai @hike_camp__ â–â–â–â–â–â–â–â–â–â–â–â–â–â–â–â–â–

#pendaki #pendakicantik #pendakigunung #mountnesia #pendakiindonesia #mountaindate #gunungindonesia #slametmountain #fyp #gunungslamet3428mdpl #slametviabambangan #gunungslametjawatengah #exploregunung #exploreindonesia #mountainesia #pendakikusam #gunungindonesia #slametviabambangan",2/11/2025 2:30:00,TRUE,,,
https://www.instagram.com/p/C-qME-yyuE_/,Completed,"Bottlenck is the part of K2 that teaches you to overcome your fears

ğŸ“¹ @naila._.kiani

#everestexped #adventureawaits #everest #hikingadventures #mountainlife #mountaineering #expeditions #climbingworldwide #mountaineeringlife #climbing #neverstopclimbing #14x8000 #8000ers #expeditionlife #8000m #sevensummits #7summits #adventure #explorehimalayas #himalayasarecalling #highaltitudeclimbing #vinson #vinsonmassif #mteverest #mounteverest #8000m #getitdone #imjatse #islandpeak #sevensummits",2/12/2025 5:30:00,TRUE,,,
https://www.instagram.com/p/DBNm0iUqSbw/,Completed,Sá»± bÃ¬nh yÃªn ná»™i tÃ¢m lÃ  niá»m háº¡nh phÃºc lá»›n nháº¥t,2/12/2025 18:30:00,TRUE,,,
https://www.instagram.com/p/DDZIFm2pJh-/,Completed,"Check the viewğŸ˜â›°ï¸
.
.
.
#exploremore #travelling #naturelover
#view #safar #pahad #sukoon #reelkarofeelkaro
#naturevideos #pahadi #instagood #traveler
#natureshots #trippahawang #hillstation
#pahadview #journey #beautifulview #growth
#trending #grow #trendingaudio #status",2/12/2025 21:30:00,TRUE,,,
https://www.instagram.com/p/DBtPzNgykuH/,Completed,"Check the viewğŸ˜â›°ï¸
.
.
.
#exploremore #travelling #naturelover
#view #safar #pahad #sukoon #reelkarofeelkaro
#naturevideos #pahadi #instagood #traveler
#natureshots #trippahawang #hillstation
#pahadview #journey #beautifulview #growth
#trending #grow #trendingaudio #status",2/12/2025 23:55:00,TRUE,,,
https://www.instagram.com/p/DA3JnkSvIo2/,Completed,"Check the viewğŸ˜â›°ï¸
.
.
.
#exploremore #travelling #naturelover
#view #safar #pahad #sukoon #reelkarofeelkaro
#naturevideos #pahadi #instagood #traveler
#natureshots #trippahawang #hillstation
#pahadview #journey #beautifulview #growth
#trending #grow #trendingaudio #status",2/13/2025 2:30:00,TRUE,,,
https://www.instagram.com/p/DFJVxrPSsdl/,Completed,a small hole rich in gold and treasure #amrinprospecting #fypviralã‚· #viralreelschallenge,2/13/2025 5:30:00,TRUE,,,
https://www.instagram.com/p/DEhk-JATft_/,Completed,"Wait, is that a mountain growing

Created by Bbarry with DJI Mavic 3 Pro

#DJI #Mavic3Pro #telephotole",2/13/2025 18:30:00,TRUE,,,
https://www.instagram.com/p/DFEpFQMzzNU/,Completed,"Kegiatan yang gak ada manfaatnya , buang-buang uang dan bikin khawatir orang tua

lok Gunung Halimun (bukan salak)

Vt niaawww08",2/13/2025 21:30:00,TRUE,,,
https://www.instagram.com/p/C_-4LYBseLC/,Completed,"La magie des bivouacs â›ºï¸ğŸ¥¹
.
.
.
.
.
#auvergnerhonealpes #montagne #aravis #merveillesdefrance #beautifuldestinations #sunset #mountains #moon #adventure #thenorthface #apple
#earth #hautesavoie #departement74
#MountainAdventure #MountainHiking #Nature #bivouac
#NatureLovers #OutdoorAdventure #hiking",2/13/2025 23:55:00,TRUE,,,
https://www.instagram.com/p/DFGZYrlOYr5/,Completed,"Follow us @hike_camp__ for more! ğŸ
Tag a friend! ğŸ‘¥
Turn on post notifications! â£â£â£ğŸ””
â£â£â£â£â£â£â£
Please DM me for credit or removal.â£
â€¢
#camping #outdoor #nature #river #tentcamping #tent #tentview #forest #campinglife #adventuretime",2/14/2025 2:30:00,TRUE,,,
https://www.instagram.com/p/DFqdNe1uoeK/,Completed,"Follow us @hike_camp__ for more! ğŸ
Tag a friend! ğŸ‘¥
Turn on post notifications! â£â£â£ğŸ””
â£â£â£â£â£â£â£
Please DM me for credit or removal.â£
â€¢
#camping #outdoor #nature #river #tentcamping #tent #tentview #forest #campinglife #adventuretime",2/14/2025 5:30:00,TRUE,,,
https://instagram.com/p/DFn4TA_O_xx/,Completed,"Follow us @hike_camp__ for more! ğŸ
Tag a friend! ğŸ‘¥
Turn on post notifications! â£â£â£ğŸ””
â£â£â£â£â£â£â£
Please DM me for credit or removal.â£
â€¢
#camping #outdoor #nature #river #tentcamping #tent #tentview #forest #campinglife #adventuretime",2/14/2025 18:30:00,TRUE,,,
https://www.instagram.com/reel/DF0CzbqT4m5/?utm_source=ig_web_copy_link,Completed,"ğŸ•ï¸ Hey camping lovers! Following us @campingfans_club for more!

Tag a friend! ğŸ«‚

Please DM me for credit or removal.
.
.
#camping #outdoor #nature #river #tentcamping #tent #forest #campinglife #adventure",2/14/2025 21:30:00,FALSE,,,
https://www.instagram.com/p/DA1RpZ_Nosi/,Completed,"This is the best part ğŸ’›ğŸ”¥ğŸ¥”ğŸªµ

#travel #campfire #italy #sicily #fulltimetraveler #travels #travelgram",2/14/2025 23:55:00,FALSE,,,
https://www.instagram.com/p/DEkQ0YINiST/,Completed,"Canâ€™t explain the feeling

#mountains #mountaineering #k2 #everest #8thousanders #climbing #hiking #alpinism #climbingedit",2/15/2025 2:30:00,FALSE,,,
https://www.instagram.com/p/DFmAkIsshyn/,Completed,ğŸ¹,2/15/2025 5:30:00,FALSE,,,
https://www.instagram.com/p/DBqEy1yNumR/,Completed,"Finding peace, calm and strength during my morning drills high above the city. ğŸ¦…

New week. Letâ€˜s bring it on. ğŸ‘ŠğŸ¦…

#dreamanddare #runtoinspire #morningrun #morningvibes #peaceful #mountains #trailrunning #trailrun #alpinerunning #skyrunning #runnershigh #ridgeback #ridge #seaofclouds #cityvibes #innsbruck",2/15/2025 18:30:00,FALSE,,,
https://www.instagram.com/p/DCCEHtLIbKM/,Completed,"Switzerland ğŸ„ â›°ğŸ‡¨ğŸ‡­ Follow @nicktrvl â¬†ï¸ for more swiss locations & inspirations

ğŸ¥ Instagram: @nicktrvl

#switzerland #travel #nature #swiss #mountains #schweiz #photography #suisse #landscape #travelphotography #photooftheday #europe #wanderlust #zurich #travelgram #love #alps #instagood #swissalps #naturephotography #lake #picoftheday #hiking #instadaily #visitswitzerland #inlovewithswitzerland #geneva #myswitzerland #instatravel #travelblogger",2/15/2025 21:30:00,FALSE,,,
https://www.instagram.com/p/DDfFv_rRUVn/,Completed,"It turns you into a much stronger, wiser & better person ğŸ”ï¸ğŸ¥¾ğŸ™

Follow @hiking_aesthetics for more inspirational and motivational hiking content!
.
.
.
#hiking #hiker #hikinglife #outdoors #hikingmotivation #motivation #mindset #mountains #hikinggirl #hikingadventures #trailmotivation #hikinginspiration#motivationalquotes #motivationalpage #reel #viral #explore",2/15/2025 23:55:00,FALSE,,,
https://www.instagram.com/p/DEP16ekI4tD/,Not started,Wishing everyone a very happy new year ğŸŠ,2/16/2025 2:30:00,TRUE,,,
https://www.instagram.com/p/DFujHNQzjwQ/,Completed,"Scenic stroll

Halfway into a 42k trail run
.
.
.
.
.
.
.
#camping #outdoor #nature #river #tentcamping #tent #forest #campinglife #adventure
#keeptassiewild",2/16/2025 5:30:00,TRUE,,,
https://www.instagram.com/p/DFE_XW3Skf6/,Completed,"How many times ğŸ¤”
.
.
.
.
.
.
.
#camping #outdoor #nature #river #tentcamping #tent #forest #campinglife #adventure",2/16/2025 18:30:00,TRUE,,,
https://www.instagram.com/p/DAIXCWEM6ok/,Completed,"Raspberry and cream doughnuts

Some September views from around the Cotswold countryside.. it wonâ€™t be long till the trees are looking golden.
Well I best be off as I have the dentist to attend.. Iâ€™m not sure cake was the best idea for breakfast.. Happy Friday.. hope you have a wonderful day.

#thecotswolds #englishcountryside #cotswoldlife #countrylook #autumn #nature #countrylife #autumnal",2/16/2025 21:30:00,TRUE,,,
https://www.instagram.com/p/DEsE66TIiPV/,Completed,"Vanlife und Zelten â›ºï¸ Einfach die perfekte Mischung ğŸ«¶ğŸ¼__________________________________________________________
Follow @hike_camp__ For More..
#vanlife #vanlifegoals #vansofgermany #borntoroam #livingvanlife #vanliferfriends #vwt5 #exploregermany #conversion #campervan #camper #bullilove #weroamgermany #weroamhome #vanlifediaries #roadtrip #vwjourney #adventure #corse #homeonwheels #vanlifedistrict #vanclans #vanliferules #camperideas #vaninterior #vanlifegermany #norway #diyvan #diyvanconversion #vanausbau",2/16/2025 23:55:00,TRUE,,,
https://www.instagram.com/p/C-qME-yyuE_/https://www.instagram.com/p/DCGQuCDPZhd/,Completed,"Top of the World - Mt. Everest (8848.89m) ğŸ”ï¸

âœ… Are you planning to do Climb Mount Everest - Top of the world one day ?

âœ… And if you are planning to do Everest Base Camp Trek 2023/24 â¬‡ï¸

ğŸ“¸: @satkauskas.mindaugas
Info: @trektonepalofficial

ğŸŸ¥ OUTLINE ITINERARY :

âœ…Day 1: Arrival In Kathmandu, Nepal
âœ…Day 2: Flight from Kathmandu to Lukla (2,850m ). Trek to Phakding ( 2,650m )
âœ…Day 3: Trek from Phakding (2,650m ) to Namche Bazaar (3,440m )
âœ…Day 4 :Rest & acclimatization at Namche
âœ…Day 5 :Trek from Namche (3,440m) to Tengboche/ Deboche (3,855m )
âœ…Day 6 :Trek from Tengboche (3,855m ) to Dingboche (4,360m )
âœ…Day 7: Rest & acclimatization at Dingboche
âœ…Day 8: Trek from Dingboche (4,360m ) to Lobuche (4,930m )
âœ…Day 9: Trek from Lobuche (4,930m ) to EBC (5,364m ) and back to Gorak Shep (5,185m )
âœ…Day 10: Hike to Kala Patthar(5,555m ) viewpoint, trek to Gorak Shep then to Pheriche (4,250m)
âœ…Day 11: Trek from Pheriche (4,250m ) to Namche Bazaar (3,440m )
âœ…Day 12: Trek from Namche Bazaar (3,440m) Lukla (2,850m )
âœ…Day 13: Fly back to Kathmandu (1400m ) from Lukla
âœ…Day 14 : Final Departure

#everestbasecamp #everesttrek",2/17/2025 2:30:00,TRUE,,,
https://www.instagram.com/p/DFfTMybB3rg/,Completed,"Follow @hike_camp__ For More..
snow 
.
.
.
.
.
.
.
#camping #outdoor #nature #river #tentcamping #tent #forest #campinglife #adventure#winter #snowfall #manali #shimla #winteriscoming #snowflakes #trending #weather #wintercamping #icecream",2/17/2025 5:30:00,TRUE,,,
https://www.instagram.com/p/C_X9Ng6N8cf/,Completed,"Beautiful nature view in Switzerland ğŸ‡¨ğŸ‡­ğŸ¡ğŸŒ²

ğŸ“¸ @swisslife.nature

#swissalps #landscape #naturelovers
#travel #mountains #isvÃ§re #uri ##alps
#nature #swiss #cennet #schweiz #view
#visitswitzerland #suisse #doÄŸa #love
#beautiful #kesfet #europe #instatravel
#inlovewithswitzerland #photography",2/17/2025 18:30:00,TRUE,,,
https://www.instagram.com/p/DF2ofkmT6Th/,Completed,"ğŸ•ï¸ Hey camping lovers! Following us @hike_camp__ for more!

Tag a friend! ğŸ«‚

Please DM me for credit or removal.
.
.
#camping #outdoor #nature #river #tentcamping #tent #forest #campinglife #adventure",2/17/2025 21:30:00,TRUE,,,
https://www.instagram.com/p/DF5QKdhT2xr/,Completed,"ğŸ•ï¸ Hey camping lovers! Following us @hike_camp__for more!

Tag a friend! ğŸ«‚

Please DM me for credit or removal.
.
.
#camping #outdoor #nature #river #tentcamping #tent #forest #campinglife #adventure",2/17/2025 23:55:00,TRUE,,,
https://www.instagram.com/p/DF06gwdTaUg/,Completed,"ğŸ•ï¸ Hey camping lovers! Following us @hike_camp__ for more!

Tag a friend! ğŸ«‚

Please DM me for credit or removal.
.
.
#camping #campingtrip #campinglover #campingvibes #campinggear #riversidecamping #ilovecamping #naturelover #campingday #adventure",2/18/2025 2:30:00,TRUE,,,
https://www.instagram.com/p/DF0CzbqT4m5/,Completed,"ğŸ•ï¸ Hey camping lovers! Following us @hike_camp__  for more!

Tag a friend! ğŸ«‚

Please DM me for credit or removal.
.
.
.
.
.
.
.
#camping #outdoor #nature #river #tentcamping #tent #forest #campinglife #adventure",2/18/2025 5:30:00,TRUE,,,
https://www.instagram.com/p/DFvvG4oTsTa/,Completed,"ğŸ•ï¸ Hey camping lovers! Following us @hike_camp__  for more!

Tag a friend! ğŸ«‚

Please DM me for credit or removal.
.
.
#camping #campingtrip #campinglover #campingvibes #campinggear #riversidecamping #ilovecamping #naturelover #campingday #adventure",2/18/2025 18:30:00,TRUE,,,
https://www.instagram.com/p/DFtLYq-Tqt0/,Completed,"ğŸ•ï¸ Hey camping lovers! Following us @hike_camp__ for more!

Tag a friend! ğŸ«‚

Please DM me for credit or removal.
.
.
#camping #campingtrip #campinglover #campingvibes #campinggear #riversidecamping #ilovecamping #naturelover #campingday #adventure",2/18/2025 21:30:00,TRUE,,,
https://www.instagram.com/p/DFn1QV3TI8X/,Completed,"ğŸ•ï¸ Hey camping lovers! Following us @hike_camp__  for more!

Tag a friend! ğŸ«‚

Please DM me for credit or removal.
.
.
#camping #outdoor #nature #river #tentcamping #tent #forest #campinglife #adventure",2/18/2025 23:55:00,TRUE,,,
https://www.instagram.com/p/DFp_-3tz9cC/,Completed,"ğŸ•ï¸ Hey camping lovers! Following us @hike_camp__  for more!

Tag a friend! ğŸ«‚

Please DM me for credit or removal.
.
.
#camping #outdoor #nature #river #tentcamping #tent #forest #campinglife #adventure",2/19/2025 2:30:00,TRUE,,,
https://www.instagram.com/p/DFlbYimzBuK/,Not started,"ğŸ•ï¸ Hey camping lovers! Following us @hike_camp__  for more!

Tag a friend! ğŸ«‚

Please DM me for credit or removal.
.
.
#camping #campingtrip #campinglover #campingvibes #campinggear #riversidecamping #ilovecamping #naturelover #campingday #adventure",2/19/2025 5:30:00,TRUE,,,
https://www.instagram.com/p/DFlHxmGz5bC/,Not started,"ğŸ•ï¸ Hey camping lovers! Following us @hike_camp__  for more!

Tag a friend! ğŸ«‚

Please DM me for credit or removal.
.
.
#camping #campinglife #adventuretime #tentview #campingfun #camper #camping #campingadventures",2/19/2025 18:30:00,TRUE,,,
https://www.instagram.com/p/DFk1tRdh5-t/,Not started,"ğŸ•ï¸ Hey camping lovers! Following us @hike_camp__  for more!

Tag a friend! ğŸ«‚

Please DM me for credit or removal.
.
.
#camping #outdoor #nature #river #tentcamping #tent #forest #campinglife #adventure",2/19/2025 21:30:00,TRUE,,,
https://www.instagram.com/p/DFi45l9Td7P/,Not started,"ğŸ•ï¸ Hey camping lovers! Following us @hike_camp__  for more!

Tag a friend! ğŸ«‚

Please DM me for credit or removal.
.
.
#camping #campingtrip #campinglover #campingvibes #campinggear #riversidecamping #ilovecamping #naturelover #campingday #adventure",2/19/2025 23:55:00,TRUE,,,
https://www.instagram.com/p/DFiRfOnzbWz/,Completed,"ğŸ•ï¸ Hey camping lovers! Following us @hike_camp__  for more!

Tag a friend! ğŸ«‚

Please DM me for credit or removal.
.
.
#camping #outdoor #nature #river #tentcamping #tent #forest #campinglife #adventure",2/20/2025 2:30:00,TRUE,,,
https://www.instagram.com/p/DFgWC9VTqpM/,Completed,"ğŸ•ï¸ Hey camping lovers! Following us @hike_camp__  for more!

Tag a friend! ğŸ«‚

Please DM me for credit or removal.
.
.
#camping #campingtrip #campinglover #campingvibes #campinggear #riversidecamping #ilovecamping #naturelover #campingday #adventure",2/20/2025 5:30:00,TRUE,,,
https://www.instagram.com/p/DBA8wFDu8dr/,Error ,"SpÃ¤tsommer in Norwegen ğŸ«¶ğŸ¼
Follow @hike_camp__ For More..
____________________________________________________
#vanlife #vanlifegoals #vansofgermany #borntoroam #livingvanlife #vwbus #campervan #camper #weroamgermany #weroamhome #vanlifediaries #roadtrip #vwjourney #livefolk #homeonwheels #vanlifedistrict #vanclans #vanliferules #camperideas #vanlifegermany#exploresweden #diyvan #diyvanconversion #vanausbau #reisetagebuch #norge #norway #vanlifemovement",2/20/2025 18:30:00,TRUE,,,
https://www.instagram.com/p/DFz0WIcojT0/,Completed,"Relatable
We at Higheight want to climb 8. (8000m) mountains and organize community hikes all over the world ~
Follow our path â˜ï¸
Follow @hike_camp__ For More..
.
.
.
.
.
.
.
#camping #outdoor #nature #river #tentcamping #tent #forest #campinglife #adventure
#relatable #mountains #hiking #climbing #nimsdai #theclimber #k2",2/20/2025 21:30:00,TRUE,,,
https://www.instagram.com/p/DEvGZpaN4N9/,Completed,"Above peaks, beyond imagination- a true luxury â›°ï¸â¤ï¸

ğŸ“Stoos, Switzerland ğŸ‡¨ğŸ‡­
Follow @hike_camp__ For More..

Getting to Stoos
1. Drive to the Schwyz-Schlattli funicular station:
â€¢ Address: Schlattli, 6433 Schwyz, Switzerland.
â€¢ Parking is available near the base station of the Stoos funicular.
â€¢ Ensure you arrive early, especially during weekends or peak seasons, as parking spots can fill up quickly.
2. Take the Stoosbahn Funicular:
â€¢ The Stoosbahn is the steepest funicular in the world and takes you from Schlattli up to the car-free village of Stoos in just a few minutes.
â€¢ Tickets: Purchase tickets for the funicular at the station or online to save time.

The Hike

Starting Point: Klingenstock
â€¢ From Stoos village, take the chairlift to Klingenstock.
â€¢ The chairlift ride offers stunning views and saves time and energy before starting the ridge hike.

The Ridge Hike: Klingenstock to Fronalpstock
â€¢ Duration: 3-4 hours (7 km).
â€¢ Highlights:
â€¢ Stunning panoramic views of the surrounding mountains (e.g., Mythen, Rigi, Pilatus).
â€¢ Views of Lake Lucerne and the countless peaks of central Switzerland.
â€¢ Well-marked paths and a mix of steep sections, ridges, and scenic spots.

End Point: Fronalpstock
â€¢ At Fronalpstock, take in the breathtaking 360-degree views.
â€¢ From here, take the chairlift back down to Stoos village.

#swissalps #switzerland #beautifulswitzerland #schweiz #landscape #mountains #visit #earth #natgeo #dji #dronevideo #hiketheworld #explore #visitswitzerland #stoos #explore #skypixel",2/20/2025 23:55:00,TRUE,,,
https://www.instagram.com/p/DBdkQNmOd4L/,Completed,"Tag the person you are thankful for ğŸ‘«ğŸ’š

And make their day better ğŸ«¶

ğŸ“¸ All credits for this amazing video to @hike_camp__  ğŸ™Œâ¤ï¸ Follow them for more! ğŸ”¥ğŸ‘ˆ
.
.
.
.
.
.
.
#camping #outdoor #nature #river #tentcamping #tent #forest #campinglife #adventure
#relationshipgoals #love #mountains #campinggirl #naturelovers #outdoors #couple #camping #bestsurvivors #couplegoals #lakeview",2/21/2025 2:30:00,TRUE,,,
https://www.instagram.com/p/DCH4UXxNHRv/,Completed,"Follow @hike_camp__ For More..
snow 
.
.
.
.
.
.
.
#camping #outdoor #nature #river #tentcamping #tent #forest #campinglife #adventure#winter #snowfall #manali #shimla #winteriscoming #snowflakes #trending #weather #wintercamping #icecream",2/21/2025 5:30:00,TRUE,,,
https://www.instagram.com/p/C--yvoPvQiN/,Completed,"we hiked through the adks for 3 days with a film camera, was it worth it? ğŸ“¸ğŸï¸ğŸ•ï¸
Follow @hike_camp__ For More..
.
#exploremore #backpacking #filmphotography #camping #hiking #campinglife #fyp #getoutside #naturelovers #adk #hikinglife #photography #hikingadventures #campingfriends #disposable #disposablecameraadventures #aesthetic #aestheticedits #art #mre #mres",2/21/2025 18:30:00,TRUE,,,
https://www.instagram.com/p/DBg3mbWigdo/,Completed,"Cinema in the Mountains ğŸ¿â›°ï¸>>>
Follow @hike_camp__ For More..
.
.
.
.
.
.
.
#camping #outdoor #nature #river #tentcamping #tent #forest #campinglife #adventure
#camping #hiking #outdoors #explore #wildcamping #friends #outdoorarchives #nature #fyp #foryoupage #forest #naturephotography #mountains",2/21/2025 21:30:00,TRUE,,,
https://www.instagram.com/p/DF_MFcrMFvv/,Completed,"There is no bad weather for camping ğŸ˜
.
Video owner @emin.labs
Follow @hike_camp__ For More..
.
.
.
.
.
.
.
#camping #outdoor #nature #river #tentcamping #tent #forest #campinglife #adventure
#camp #camping #rain #book #booklover",2/21/2025 23:55:00,TRUE,,,
https://www.instagram.com/p/DEluzgmzq0Q/,Completed,"Chal DONO baag jatey hğŸ¤ŒğŸ¼âœ¨
.
.Follow @hike_camp__ For More..
.
.
.
.
.
.
.
#camping #outdoor #nature #river #tentcamping #tent #forest #campinglife #adventure
.
#camping #viralsound #cooking",2/22/2025 2:30:00,TRUE,,,
https://www.instagram.com/p/DAEf6r7o6_s/,Completed,"Priceless views

Video by @kevin_berthelot

Follow @hike_camp__ For More..

â˜ï¸This post is not intended for copyright infringement. DM if youâ€™d like it to be taken down

.

.

.

#bivouac #tentview #tentviewgoals #campvibes #campfire #camplife #campsite #campingvibes #tentcamping #campingtent #mountaingram #escapeandwonder #mountainscenery #inthemountains #hikingisfun #ilovehiking #hiking_daily #mountainadventures #mountain #mountains #mountainpeak #mountainpeaks #mountainsarecalling #lovethemountains #mountainhiking #mountainliving #mountainrange",2/24/2025 18:30:00,TRUE,,,
https://www.instagram.com/p/DFFE6hDM1dN/,Completed,"Mit dem Zelt unter den Sternen, den Fjorden im Blick und dem Wind in den Haaren â€“ Norwegen ist der Inbegriff von Freiheit. Hier zÃ¤hlt nur der Moment!

#Freiheit #Natur #Zelten #NorwegenAbenteuer #LebensgefÃ¼hl

________________________
#folkvibe #folkcreative
#fantasticearth #moody
#earthscope #stayandwander #wondermore
#discoverearth #roamtheplanet
#moodygrams #earth_shotz
#exploretocreate #artofvisuals
#visualambassadors #eclectic_shotz
#the_folknature #theoutbound #theimaged
#earthoutdoors #moodygrams
#norge #voyaged
#theweekoninstagram #tenting
#fantasticearth #norwegen",2/24/2025 21:30:00,TRUE,,,
https://www.instagram.com/p/DEpxVkeOyDf/,Completed,"Watch til the endğŸ‰ Attempt #1ğŸ‡§ğŸ‡· 
Follow @hike_camp__ For More..
.
.
.
.
.
.
.
#camping #outdoor #nature #river #tentcamping #tent #forest #campinglife #adventure",2/24/2025 23:55:00,TRUE,,,
https://www.instagram.com/p/DBYpm8TMjau/,Completed,"Tag someone

Aku, kamu dan indahnya atap jatengâœ¨
Follow @hike_camp__ For More..

ğŸ¥ @m.samsss

#pendaki #pendakicantik #pendakigunung #mountnesia #pendakiindonesia #mountaindate #gunungindonesia #slametmountain #fyp #gunungslamet3428mdpl #slametviabambangan #gunungslametjawatengah #exploregunung #exploreindonesia #mountainesia #pendakikusam #gunungindonesia",2/25/2025 2:30:00,TRUE,,,
https://www.instagram.com/p/DFHqFn3ytJP/,Completed,"With every mountain peak, my heart feels at home.

ğŸ“This peak : Mt. Machhapuchhre often referred to as â€œFish Tailâ€ due to its distinct twin summit, is a sacred mountain located in the Annapurna range of Nepal.Standing at 6,993 meters (22,943 feet), it is one of the most iconic peaks in the Himalayas.

.

.

.

#reelsinstagram #trendingreels #explore #explorepage #mountains #nepal #travelnepal #mardihimal #mardihimaltrek #annapurnacircuit #annapurnabasecamp #nepaldiaries #mountainslovers #peace #fishtailmountain",2/25/2025 5:30:00,TRUE,,,
https://www.instagram.com/p/DFZm-ksvBOa/,Completed,"Waterfall rappelling purbalinggağŸ”¥

ğŸ“Curug Gogor, Desa Tanalum, Kec. Rembang, Kab. Purbalingga
Follow @hike_camp__ For More..

ğŸ›¸ @yusufekamaulana
ğŸ˜ @gopras_sr

#canyoning #canyoneering #canyoneeringadventure #canyoneering2025 #waterfallrappelling #xpdcsisiknaga #temanmainadventure #curuggogorrembangpurbalingga #wisataalam #alampurbalingga #dolanpurbalingga #explorepurbalingga #explorejawatengah #wisatapurbalingga #infopurbalingga #purbalinggakeren #purbalinggaberolahraga",2/25/2025 18:30:00,TRUE,,,
https://www.instagram.com/p/DBd6qkZIHXK/,Completed,"just us ğŸ«¶
.
.
Follow @hike_camp__ For More..
.
.
.
.
.
.
.
#camping #outdoor #nature #river #tentcamping #tent #forest #campinglife #adventure",2/25/2025 21:30:00,TRUE,,,
https://www.instagram.com/p/DBYih6lOKId/,Completed,"Mantab bang,,
.
.
@hike_camp__
.
.
.
..
.
.
.
.
.
.
#camping #outdoor #nature #river #tentcamping #tent #forest #campinglife #adventure
#gunungslamet #slametmountain #pendaki #pendakiindonesia #reels #reelsinstagram #fyp",2/25/2025 23:55:00,TRUE,,,
https://www.instagram.com/p/DFYEcVVvbE9/,Completed,wherever the wind takes me,2/26/2025 2:30:00,TRUE,,,
https://www.instagram.com/p/DFoluy_zM0U/,Completed,"snow 
Follow @hike_camp__ For More..
#winter #snowfall #manali #shimla #weather #winteriscoming #snowflakes #trending #wintercamping #ice
#sonamarg #sonamargkashmir #mountauns 464 #snowmountain #water #greenery #instagram #reelsinstagram #ex|pore #travelphotography #virelreel #trendingreels #newpost #watercolors #mountain",2/26/2025 5:30:00,TRUE,,,
https://www.instagram.com/p/DAgcclgvD_e/,Completed,"fr

-

-

-

#fyp #nature #outdoors #explore #core #adventure
#hiking #nature #mountains #travel #hike #naturelovers #camping #mountain #forest #wandern #getoutside #sunset #summer #exploring #real",2/26/2025 18:30:00,TRUE,,,
https://www.instagram.com/p/DDynyTcyEpy/,Completed,"One life one dream one passion only travelling >>>

.

.

.

.

#reelsinstagram #trendingreels #mountains #nepal #annapurnacircuit #annapurnabasecamp #trekking #travel #travelgram",2/26/2025 21:30:00,TRUE,,,
https://www.instagram.com/p/DFc788ussxy/,Completed,"Who do you wanna sit here with ?âœ¨

#couplegoals #love #favouriteperson #naturelovers #outdoor #explore #views #travel #travelcouple",2/26/2025 23:55:00,TRUE,,,
https://www.instagram.com/p/DDfCQU4v_po/,Completed,"being on top of a mountain, no service, no phones, no distractions is the absolute best way to reconnect with a loved oneğŸ«¶ğŸ»ğŸ’­ğŸŒ… donâ€™t get me wrong, I love a good meal out at a nice restaurant but nothing compares to this!

#datenight #datenightideas #backpacking #californiacoast #hiking #hikingadventure #optoutside #amongthewild",2/27/2025 2:30:00,TRUE,,,
https://www.instagram.com/p/DC216qdOVV_/,Completed,"Link in bio to JOIN THE WAITLIST for limited time winter print collection. ğŸ—»

#mountains #mountaineering #k2 #everest #8thousander #climbing #hiking #alpinism #annapurna #lhotse #edit #climbingedit #14peaks #discipline #success #ascend #summit #peak #dopamine",2/27/2025 5:30:00,TRUE,,,
https://www.instagram.com/p/DFu1yjRJEdm/,Completed,"Up here, above the Mountains , sunsets arenâ€™t just seenâ€”theyâ€™re felt. ğŸ«¶ğŸ˜­",2/27/2025 18:30:00,TRUE,,,
https://www.instagram.com/p/C_yAyi2o6eE/,Completed,"Home with a view âœ¨ğŸ¥¹ğŸšŒâ›°ï¸
Avec qui voudrais tu te rÃ©veiller ici â€¦ ? Petit indice de notre prochain trip : ce nâ€™est pas en van ğŸ¤­ et câ€™est en Europe..
.
.
.
#vanlife #dolomiti",2/27/2025 21:30:00,TRUE,,,
https://www.instagram.com/p/DAjCaozNQKD/,Completed,"Freefall adventure. Skydiving.

#freefall #skydiving #adrenaline #adrenalinerush #extremesports #lifetime #extremejump #adventuretime #adventure #outdoorsports #outdoorsadventures #bucketlist #extremesportpin #bringmetolife",2/27/2025 23:55:00,FALSE,,,
https://www.instagram.com/p/DEs1D5fzXVW/,Completed,"Afternoon trails with the cousin ğŸƒâ€â™‚ï¸ â›°ï¸
ğŸ¥ @osmo_global

#trailrunning #parkourtrailrunning #parkour #movement #training #functionalfitness #hawaii",2/28/2025 2:30:00,FALSE,,,
https://www.instagram.com/p/DEkg2i2JyOq/,Not started,"ğŸ¥¾ğŸ’ª Trekking isnâ€™t easy. Each step challenges your endurance, and every kilometer tests your determination. But when you reach the top and the views take your breath away, every effort is worth it. ğŸ”ï¸âœ¨

ğŸ”âœ¨ The mountains teach us that the best things in life arenâ€™t always easy, but theyâ€™re always worth it. ğŸŒ„ğŸŒ¿

ğŸ“¸ @thegrittyhiker

#trekking #hikingadventures #naturelovers #exploreperu #visitperu #travelperu #bucketlist #perutravel #mountainlife",2/28/2025 5:30:00,FALSE,,,
https://www.instagram.com/p/DB0noYFo-pI/,Completed,,2/28/2025 18:30:00,FALSE,,,
https://www.instagram.com/p/DAiny1ZvMuF/,Completed,,2/28/2025 21:30:00,FALSE,,,
https://www.instagram.com/p/DEH8SIfNW6_/,Completed,"The Huashan Changkong Plank Road is a wild, heart-pounding hike! You walk along narrow, cliffside planks, with jaw-dropping views of steep drops and jagged peaks. The path is intense and not for the faint-hearted, but the thrill and scenery make it totally worth it. Itâ€™s an adrenaline-packed adventure high up in the mountains! â›°ï¸ğŸŒ„

ğŸ¥: @acousticfukra

ğŸ“² Download the Free Tripio App to Explore More & Travel Better ğŸ’™ Link in bio ğŸ‘† @tripioapp

#tripioapp #tripio #trip #trips #travelgram #travelling #traveler #instatravel #traveling #travelphotography #travelingram #travels #destination #destinationearth #vacation #vacationtime #vacationmode #vacations #usatravel #usa #usagram #visitusa #china #chines #viaferrata #hike",2/28/2025 23:55:00,FALSE,,,
https://www.instagram.com/p/DCGzbFUs26S/,Completed,"Letâ€™s go broğŸš¶ğŸ»ğŸš¶ğŸ»â€â™‚ï¸
.
.
#reels #fyp #instagram #adventure #trekking #mountain",2/4/2025 5:30:00,FALSE,,,
https://www.instagram.com/p/DB1yqeStgKX/,Completed,,2/4/2025 18:30:00,FALSE,,,
https://www.instagram.com/p/DCfD1bFIsuE/,Completed,"When lost in a tree, go for threeğŸ˜µâ€ğŸ’«

Was going for kong double half here, but boosted way farther than I thought I could, caught a face full of leaves, and perfectly saved with a triple insteadğŸ’€ Very thankful I was able to stay calm in the air, find the water, and execute nonetheless. #cliffjumping #parkour #blam #boost #maui #hana #roadtohana #triple #waterfall #80ft",2/4/2025 21:30:00,FALSE,,,
https://www.instagram.com/p/DAi0DYJsFPf/,Completed,"ğŸ“Archenkanzel / Berchtesgaden ğŸ‡©ğŸ‡ª

FollowğŸ‘‰ @____koudy____

#hiking #hikingadventures #hikingculture #berge #bergliebe #mountains #alps #cross #bergen #germany #hikingğŸ‘£ #nature #naturelovers #bergliebeğŸ”ï¸#crosstraining #nature_perfection #bergwelten #hikingadventures #nature #bayernliebe
@berchtesgaden.de @visitbayern @bergliebe_official @goettgen @bayern.de @bergwelten @bayernliebe_official @alpenliebe_official",2/4/2025 23:55:00,FALSE,,,
https://www.instagram.com/p/DDm126ySEqK/,Error,"Roaming the pacific north west..

#travel #explore #cinematic #sonyalpha #pnw #wander",,FALSE,,,
https://www.instagram.com/p/DAijOcYt8ah/,Completed,"Switzerland ğŸ‡¨ğŸ‡­ğŸ¡ğŸŒ²ğŸ•Šï¸

ğŸ“¸ @swisslife.nature

#swissalps #landscape #nature #suisse
#appenzell #mountains #myswitzerland
#wanderlust #seealpsee #naturelovers
#switzerland #stgallen #swisslandscape
#photography #inlovewithswitzerland
#naturephotography #schweiz #love
#visitswitzerland #alps #beautiful #view",2/4/2025 2:30:00,FALSE,,,
https://www.instagram.com/p/DD2PLF6tQZz/,Completed,"Join the group! ğŸ«¶ğŸ¼
#travel #group #adventure #friends",2/4/2025 5:30:00,FALSE,,,
https://www.instagram.com/p/DCsB4T6uZ49/,Completed,"ğŸ“á´á´‡É´á´›Éªá´É´ Êá´á´œÊ€ á´„á´á´œÉ´á´›Ê€Ê ÉªÉ´ á´›Êœá´‡ á´„á´á´á´á´‡É´á´›êœ± ğŸ‘‡ğŸ¼
-
ğŸš¸êœ°á´ÊŸÊŸá´á´¡ @wisincome
-
ğŸš¸êœ°á´ÊŸÊŸá´á´¡ @wisincome
-
ğŸš¸êœ°á´ÊŸÊŸá´á´¡ @wisincome
-
-
-
-
#mindsetmatters #successmindset #motivationdaily #goalsetting #dreambig #positivevibes #motivatedminds #mindsetshift #selfgrowth #luxurylifestyle #dreamlife #millionairemindset #luxuryworld #richlifestyle #successlife #liveyourdreams #luxuryliving #entrepreneurmindset #entrepreneurlifestyle #businessgoals #wifiwealth #financialfreedom #investmentopportunity #wisincome #uk #usa #europe",2/4/2025 18:30:00,FALSE,,,
https://www.instagram.com/p/DBt8amNyBf9/,Completed,"Our beautiful world pt. 2

#travel #explore #cinematic #wander #sonyalpha #sony",2/4/2025 21:30:00,FALSE,,,
https://www.instagram.com/p/DA2vIS7t8S_/,Completed,"We didn't quite check the weather
â€¢
The road to 4K has proven to be more difficult than we tought. On the first attempt one of us got sick and on the second attempt we ended up in a blizzard with wind gusts up to 60-70km/h.
Standing up on the ridge back towards Aiguille du Midi was almost impossible.

#adventureawaitsletsexplore",2/4/2025 23:55:00,FALSE,,,
https://www.instagram.com/p/DBq4PVpS7NN/,Not started,"That dream ğŸ”ï¸

.

.

.

.

#reelsinstagram #trendingreels #trendingaudio #reelitfeelit #travelreel #explore #explorepage #mountains #mountainslovers #nepal #nepaltourism #annapurnabasecamp #nepaltravel #pahad #nature #peace #lifequotes #trekking #bagpacking #travelgram",2/6/2025 2:30:00,FALSE,,,
https://www.instagram.com/p/DGA0ZrczGKJ/,Not started,"itâ€™s not just travel, itâ€™s creating a life full of unforgettable momentsğŸ¤ğŸª½

looking for travel goals? follow @estellar_us and fuel your wanderlust!

#estellar #applecarplay #fyp #rvlife #wirelesscarplayadapter #carplayadapter #amazonfinds #travelcouple #roadtripvibes #adventureawaits #wanderlustduo #openroadstories #wildandfree #nomadlove #adventuretogether #scenicviews #journeytogether #vanlifeadventures #sunsetchasers #exploringtogether #memorymakers #roamtheplanet

ğŸ¬ @iamengincelik",2/6/2025 5:30:00,FALSE,,,
https://www.instagram.com/p/DE0mkBqooIu/,Not started,Hiking is hot,2/6/2025 18:30:00,FALSE,,,
https://www.instagram.com/p/DERTJxQSBPL/,Not started,"For this New Year 2025, I want this transition.â„ï¸

#travel #adventure #2025 #snow #explore #reels #instagram",2/6/2025 21:30:00,FALSE,,,
https://www.instagram.com/p/DCG_BMGvslC/,Not started,"Trip of peace ğŸ”ï¸âœ¨

#hiking #mountains
#mountain #hills
#explore #foryou
#nature #fypã‚· #fyp",2/6/2025 23:55:00,FALSE,,,
https://www.instagram.com/p/DGdATaugK7r/,Not started,"ready for another year of outdoors ğŸŒ²ğŸ§ºâ˜•ï¸ğŸªµ

outdoors, nature, off grid, camping",2/7/2025 2:30:00,FALSE,,,
https://www.instagram.com/p/DFsKaV8SXgz/,Not started,"Looking back at photos and videos from last year, I realized I havenâ€™t shared much from my Open Trip to Kashmir in August. But then I found this video, and it would be a shame not to share itâ€”because this trip was truly amazing.

Last year was intense, with back-to-back trips that barely gave me time to process everything. But now, looking back, I can truly sayâ€”this was one of those unforgettable experiences. And Iâ€™d do it all over again in a heartbeat. ğŸ©·

Thank you @shanitripplanner & team for being a great guide & thank you @haniffakmal for capturing such moments beautifully.

ğŸ“¸ : @haniffakmal",2/7/2025 5:30:00,FALSE,,,
https://www.instagram.com/p/DBJo8WlpBs3/,Not started,"âœ¨FOLLOW @MAXIMUMSKIN FOR NO BS SKINCARE, LASER & DEBUNKING MYTHS âœ¨

Dirty Hot Tubs!

Hot tubs are one of the easiest ways to get a bacterial infection because itâ€™s the perfect conditions for bacteria to thrive.

For me, I wonâ€™t go in them unless in the case it was my own and I know itâ€™s maintained well. But, Iâ€™m also not a big public pools/waters in general, so that might be my own thing.

ğŸ¥ iamkouka

#hottub #bacteriainfection #disinfect #disinfectant #disinfecting #disinfectantspray #decontamination #healthandsafety #medicalaesthetician #medicalaesthetics #aestheticnurse #dermnurse",2/7/2025 18:30:00,FALSE,,,
https://www.instagram.com/p/DEsBSfoM6n0/,Not started,"Whatâ€™s your goal for 2025? Mine is finding a great spot to have a cup of tea ğŸ«–
__________________
#norge #norway #norwegen #north #norwegenliebe #norgeibilder #teawithaview #coffewithaview #mountainviews",2/7/2025 21:30:00,FALSE,,,
https://www.instagram.com/p/DBWphfvi0at/,Not started,"Autumn camping is a celebration of natureâ€™s final blaze of color, where the crisp air makes the campfireâ€™s warmth even more cherished, and every meal cooked outdoors tastes richer",2/7/2025 23:55:00,FALSE,,,
https://www.instagram.com/p/DGAveQNuM2Q/,Not started,"Tag your new hiking friends! ğŸ¥¾ğŸ”ï¸

#hiking #hike #newhampshire #whitemountains #whitemountainsnh #nh484k #nh #nh4000footers #vermont #newengland #newenglandhikes #maine #massachusetts #newyork #northeast #adirondacks #adk",2/8/2025 2:30:00,FALSE,,,
https://www.instagram.com/p/DBA8wFDu8dr/,Not started,"SpÃ¤tsommer in Norwegen ğŸ«¶ğŸ¼

____________________________________________________
#vanlife #vanlifegoals #vansofgermany #borntoroam #livingvanlife #vwbus #campervan #camper #weroamgermany #weroamhome #vanlifediaries #roadtrip #vwjourney #livefolk #homeonwheels #vanlifedistrict #vanclans #vanliferules #camperideas #vanlifegermany#exploresweden #diyvan #diyvanconversion #vanausbau #reisetagebuch #norge #norway #vanlifemovement",2/8/2025 5:30:00,FALSE,,,
https://www.instagram.com/p/DGT3SjFyJSh/,Not started,Would you make this dream ocean view home yours? #realestate #oceanfront #tsunami #oceanview #bigwaves,2/8/2025 18:30:00,FALSE,,,
https://www.instagram.com/p/DFyCYLmpqwF/,Not started,"Get outta my way!!! ğŸ˜†ğŸ¥¾ğŸ”ï¸

#hiking #hike #newhampshire #whitemountains #whitemountainsnh #nh484k #nh #nh4000footers #vermont #newengland #newenglandhikes #maine #massachusetts #newyork #northeast #adirondacks #adk",2/8/2025 21:30:00,FALSE,,,
https://www.instagram.com/p/DGbOef6Rq0A/,Not started,"You only have to impress two people in your life, 5 year old you and 80 year old you. Neither of them care if you drive a nice car or have the latest iPhone

#vanlife #travel #solotravel",2/8/2025 23:55:00,FALSE,,,
https://www.instagram.com/p/DBdkQNmOd4L/,Completed,"Tag the person you are thankful for ğŸ‘«ğŸ’š

And make their day better ğŸ«¶

ğŸ“¸ All credits for this amazing video to @together.we.hike ğŸ™Œâ¤ï¸ Follow them for more! ğŸ”¥ğŸ‘ˆ

#relationshipgoals #love #mountains #campinggirl #naturelovers #outdoors #couple #camping #bestsurvivors #couplegoals #lakeview",2/9/2025 2:30:00,FALSE,,,
https://www.instagram.com/p/DA3pM2CP6wi/,Completed,"prove me wrongğŸ¤·ğŸ½â€â™€ï¸

#chilliwack #bc #britishcolumbia #asmr #campfire",2/9/2025 5:30:00,FALSE,,,
https://www.instagram.com/p/DA8EwSPJTIL/,Not started,"Tag your bro ğŸ¤

#hills #mountains
#mountain #hiking
#explore #foryou
#nature #sunset
#fypã‚· #fyp #clouds",2/9/2025 18:30:00,FALSE,,,
https://www.instagram.com/p/DEozhB9MHaM/,Not started,mountains are calling ğŸ“,2/9/2025 21:30:00,FALSE,,,
https://www.instagram.com/p/DEpxVkeOyDf/,Not started,Watch til the endğŸ‰ Attempt #1ğŸ‡§ğŸ‡· @penedobasejump,2/9/2025 23:55:00,FALSE,,,
https://www.instagram.com/p/DGQwaHvv-1U/,Not started,"Public lands are not just beautiful spacesâ€”theyâ€™re vital to our ecosystem, economy, and communities. Today, as many face layoffs, letâ€™s remember how crucial the work of those who care for these lands is. Protecting our environment and the people who maintain it is a responsibility we all share.

Check out the caption of my last post for action items if you want to help.",2/10/2025 2:30:00,FALSE,,,
https://www.instagram.com/p/DEvxzbjS8KV/,Not started,"Donâ€™t worry Mom Iâ€™m alive ğŸ˜‚
.
.
.
â¡ï¸ Follow @mhat_trvls for more hiking content like this

#nature #mountains #wildlife #adventure #lifeofadventure #adventuretime #adventures #hikingadventures #mountain #adventurethatislife #adventureculture #hiking #adventuretravel #newadventures
#adventureseeker #travel #outdoors #reels #love",2/10/2025 5:30:00,FALSE,,,
https://www.instagram.com/p/DAiny1ZvMuF/,Not started,"The sunset is so beautiful, I miss you so muchâœ¨

#sunset #fyp",2/10/2025 18:30:00,FALSE,,,
https://www.instagram.com/p/DEhrJQJPc2L/,Not started,"Life before trending music was just different

Making of beautiful cinematic nature shots with natural sounds ASMR using #insta360 AcePro2 in 4k 120fps
@insta360",2/10/2025 21:30:00,FALSE,,,
https://www.instagram.com/p/DF54IpxN5JK/,Not started,"If this is paradise would you join? ğŸ™‹â€â™‚ï¸ğŸ™‹â€â™€ï¸
|
ğŸ“Azores islands
|
ğŸ“· more wonderful places @giuliogroebert
|
ğŸš exploring the world w/ @elena_wuest
|
#azores #travel #view #nature #naturelovers #beautifulview #viewpoint #travelinspiration #lake #volcano",2/10/2025 23:55:00,FALSE,,,
https://www.instagram.com/p/DEWrH8uIKTW/,Not started,"Ğ˜Ğ½Ğ¾Ğ³Ğ´Ğ° Ğ¿Ğ¾Ğ»ĞµĞ·Ğ½Ğ¾ Ğ¿Ğ¾ÑĞ¸Ğ´ĞµÑ‚ÑŒ Ñ Ñ‡ĞµĞ»Ğ¾Ğ²ĞµĞºĞ¾Ğ¼, ĞºĞ¾Ñ‚Ğ¾Ñ€Ñ‹Ğ¹ Ñ‚ĞµĞ±Ñ Ğ¿Ğ¾Ğ½Ğ¸Ğ¼Ğ°ĞµÑ‚ Ğ»ÑƒÑ‡ÑˆĞµ, Ñ‡ĞµĞ¼ ĞºÑ‚Ğ¾-Ğ»Ğ¸Ğ±Ğ¾ Ğ½Ğ° ÑÑ‚Ğ¾Ğ¹ Ğ·ĞµĞ¼Ğ»Ğµ. ĞĞµ Ğ·Ğ°Ğ±Ñ‹Ğ²Ğ°Ğ¹ Ğ±Ñ‹Ñ‚ÑŒ Ñ‚ĞµĞ¼, ĞºÑ‚Ğ¾ Ğ´ĞµĞ»Ğ°ĞµÑ‚ Ñ‚ĞµĞ±Ñ ÑÑ‡Ğ°ÑÑ‚Ğ»Ğ¸Ğ²Ñ‹Ğ¼.
ğŸ”ï¸ğŸªµğŸ”¥ğŸ¥©ğŸŒ¿ğŸŒ¶ï¸ğŸ§„ğŸ…ğŸ«“ğŸ‹ğŸğŸ«–â£â£
#ÑÑ‚ĞµĞ¹Ğº #steak #steaklife #asmr #steakdinner #steaklover #ÑÑ‚ĞµĞ¹ĞºÑ€Ğ¸Ğ±Ğ°Ğ¹ #Ñ‚Ğ¸Ğ±Ğ¾Ğ½ #steaklovers #steaks #naturelover #chechnya #chechen #Ğ½Ğ¾Ñ…Ñ‡Ğ¸ #Ñ‡ĞµÑ‡ĞµĞ½Ñ†Ñ‹ #Ñ‡ĞµÑ‡ĞµĞ½ĞµÑ† #Ñ‡ĞµÑ‡Ğ½Ñ #ĞºĞ°Ğ²ĞºĞ°Ğ· #ĞµĞ´Ğ°Ğ½Ğ°ĞºĞ¾ÑÑ‚Ñ€Ğµ #ĞµĞ´Ğ°Ğ½Ğ°Ğ¿Ñ€Ğ¸Ñ€Ğ¾Ğ´Ğµ #biftek #bife #beef #beefsteak #beeflover #ã‚¹ãƒ†ãƒ¼ã‚­ #ìŠ¤í…Œì´í¬ Ø´Ø±ÙŠØ­Ø©# Ù„Ø­Ù…#",2/11/2025 2:30:00,FALSE,,,
https://www.instagram.com/p/DBJPlqqsxpQ/,Not started,"The majestic beauty of the mountains under a glowing sunset, where nature feels untouched and timeless. ğŸŒ„ğŸï¸ A serene escape into the wilderness. #MountainViews #NatureEscape #SunsetSerenity",2/12/2025 5:30:00,FALSE,,,
,Not started,,2/12/2025 18:30:00,FALSE,,,
,Not started,,2/12/2025 21:30:00,FALSE,,,
,Not started,,2/12/2025 23:55:00,FALSE,,,
,Not started,,2/13/2025 2:30:00,FALSE,,,
,Not started,,2/13/2025 5:30:00,FALSE,,,
,Not started,,2/13/2025 18:30:00,FALSE,,,
,Not started,,2/13/2025 21:30:00,FALSE,,,
,Not started,,2/13/2025 23:55:00,FALSE,,,
,Not started,,2/14/2025 2:30:00,FALSE,,,
,Not started,,2/14/2025 5:30:00,FALSE,,,
,Not started,,2/14/2025 18:30:00,FALSE,,,
,Not started,,2/14/2025 21:30:00,FALSE,,,
,Not started,,2/14/2025 23:55:00,FALSE,,,
,Not started,,2/15/2025 2:30:00,FALSE,,,
,Not started,,2/15/2025 5:30:00,FALSE,,,
,,,2/15/2025 18:30:00,FALSE,,,
,,,2/15/2025 21:30:00,FALSE,,,
,,,2/15/2025 23:55:00,FALSE,,,
,,,2/16/2025 2:30:00,FALSE,,,
,,,2/16/2025 5:30:00,FALSE,,,
,,,2/16/2025 18:30:00,FALSE,,,
,,,2/16/2025 21:30:00,FALSE,,,
,,,2/16/2025 23:55:00,FALSE,,,
,,,2/17/2025 2:30:00,FALSE,,,
,,,2/17/2025 5:30:00,FALSE,,,
,,,2/17/2025 18:30:00,FALSE,,,
,,,2/17/2025 21:30:00,FALSE,,,
,,,2/17/2025 23:55:00,FALSE,,,
,,,2/18/2025 2:30:00,FALSE,,,
,,,2/18/2025 5:30:00,FALSE,,,
,,,2/18/2025 18:30:00,FALSE,,,
,,,2/18/2025 21:30:00,FALSE,,,
,,,2/18/2025 23:55:00,FALSE,,,
,,,2/19/2025 2:30:00,FALSE,,,
,,,2/19/2025 5:30:00,FALSE,,,
,,,2/19/2025 18:30:00,FALSE,,,
,,,2/19/2025 21:30:00,FALSE,,,
,,,2/19/2025 23:55:00,FALSE,,,
,,,2/20/2025 2:30:00,FALSE,,,
,,,2/20/2025 5:30:00,FALSE,,,
,,,2/20/2025 18:30:00,FALSE,,,
,,,2/20/2025 21:30:00,FALSE,,,
,,,2/20/2025 23:55:00,FALSE,,,
,,,2/21/2025 2:30:00,FALSE,,,
,,,2/21/2025 5:30:00,FALSE,,,
,,,2/21/2025 18:30:00,FALSE,,,
,,,2/21/2025 21:30:00,FALSE,,,
,,,2/21/2025 23:55:00,FALSE,,,
,,,2/22/2025 2:30:00,FALSE,,,
,,,2/24/2025 18:30:00,FALSE,,,
,,,2/24/2025 21:30:00,FALSE,,,
,,,2/24/2025 23:55:00,FALSE,,,
,,,2/25/2025 2:30:00,FALSE,,,
,,,2/25/2025 5:30:00,FALSE,,,
,,,2/25/2025 18:30:00,FALSE,,,
,,,2/25/2025 21:30:00,FALSE,,,
,,,2/25/2025 23:55:00,FALSE,,,
,,,2/26/2025 2:30:00,FALSE,,,
,,,2/26/2025 5:30:00,FALSE,,,
,,,2/26/2025 18:30:00,FALSE,,,
,,,2/26/2025 21:30:00,FALSE,,,
,,,2/26/2025 23:55:00,FALSE,,,
,,,2/27/2025 2:30:00,FALSE,,,
,,,2/27/2025 5:30:00,FALSE,,,
,,,2/27/2025 18:30:00,FALSE,,,
,,,2/27/2025 21:30:00,FALSE,,,
,,,2/27/2025 23:55:00,FALSE,,,
,,,2/28/2025 2:30:00,FALSE,,,
,,,2/28/2025 5:30:00,FALSE,,,
,,,2/28/2025 18:30:00,FALSE,,,
,,,2/28/2025 21:30:00,FALSE,,,
,,,2/28/2025 23:55:00,FALSE,,,
,,,2/26/2025 2:30:00,FALSE,,,
,,,2/26/2025 5:30:00,FALSE,,,
,,,2/26/2025 18:30:00,FALSE,,,
,,,2/26/2025 21:30:00,FALSE,,,
,,,2/26/2025 23:55:00,FALSE,,,
,,,2/27/2025 2:30:00,FALSE,,,
,,,2/27/2025 5:30:00,FALSE,,,
,,,2/27/2025 18:30:00,FALSE,,,
,,,2/27/2025 21:30:00,FALSE,,,
,,,2/27/2025 23:55:00,FALSE,,,
,,,2/28/2025 2:30:00,FALSE,,,
,,,2/28/2025 5:30:00,FALSE,,,
,,,2/28/2025 18:30:00,FALSE,,,
,,,2/28/2025 21:30:00,FALSE,,,
,,,2/28/2025 23:55:00,FALSE,,,
,,,,FALSE,,,
,,,,FALSE,,,
,,,,FALSE,,,
,,,,FALSE,,,
,,,,FALSE,,,
,,,,FALSE,,,
,,,,FALSE,,,
,,,,FALSE,,,
,,,,FALSE,,,
,,,,FALSE,,,
,,,,FALSE,,,
,,,,FALSE,,,
,,,,FALSE,,,
,,,,FALSE,,,
,,,,FALSE,,,
,,,,FALSE,,,
,,,,FALSE,,,
,,,,FALSE,,,
,,,,FALSE,,,
,,,,FALSE,,,
,,,,FALSE,,,
,,,,FALSE,,,
,,,,FALSE,,,
,,,,FALSE,,,
,,,,FALSE,,,
,,,,FALSE,,,
,,,,FALSE,,,
,,,,FALSE,,,
,,,,FALSE,,,
,,,,FALSE,,,
,,,,FALSE,,,
,,,,FALSE,,,
,,,,FALSE,,,
,,,,FALSE,,,
,,,,FALSE,,,
,,,,FALSE,,,
,,,,FALSE,,,
,,,,FALSE,,,
,,,,FALSE,,,
,,,,FALSE,,,
,,,,FALSE,,,
,,,,FALSE,,,
,,,,FALSE,,,
,,,,FALSE,,,
,,,,FALSE,,,
,,,,FALSE,,,
,,,,FALSE,,,
,,,,FALSE,,,
,,,,FALSE,,,
,,,,FALSE,,,
,,,,FALSE,,,
,,,,FALSE,,,
,,,,FALSE,,,
,,,,FALSE,,,
,,,,FALSE,,,
,,,,FALSE,,,
,,,,FALSE,,,
,,,,FALSE,,,
,,,,FALSE,,,
,,,,FALSE,,,
,,,,FALSE,,,
,,,,FALSE,,,
,,,,FALSE,,,
,,,,FALSE,,,
,,,,FALSE,,,
,,,,FALSE,,,
,,,,FALSE,,,
,,,,FALSE,,,
,,,,FALSE,,,
,,,,FALSE,,,
,,,,FALSE,,,
,,,,FALSE,,,
,,,,FALSE,,,
,,,,FALSE,,,
,,,,FALSE,,,
,,,,FALSE,,,
,,,,FALSE,,,
,,,,FALSE,,,
,,,,FALSE,,,
,,,,FALSE,,,
,,,,FALSE,,,
,,,,FALSE,,,
,,,,FALSE,,,
,,,,FALSE,,,
,,,,FALSE,,,
,,,,FALSE,,,
,,,,FALSE,,,
,,,,FALSE,,,
,,,,FALSE,,,
,,,,FALSE,,,
,,,,FALSE,,,
,,,,FALSE,,,
,,,,FALSE,,,
,,,,FALSE,,,
,,,,FALSE,,,
,,,,FALSE,,,
,,,,FALSE,,,
,,,,FALSE,,,
,,,,FALSE,,,
,,,,FALSE,,,
,,,,FALSE,,,
,,,,FALSE,,,
,,,,FALSE,,,
,,,,FALSE,,,
,,,,FALSE,,,
,,,,FALSE,,,
,,,,FALSE,,,
,,,,FALSE,,,
,,,,FALSE,,,
,,,,FALSE,,,
,,,,FALSE,,,
,,,,FALSE,,,
,,,,FALSE,,,
,,,,FALSE,,,
,,,,FALSE,,,
,,,,FALSE,,,
,,,,FALSE,,,
,,,,FALSE,,,
,,,,FALSE,,,
,,,,FALSE,,,
,,,,FALSE,,,
,,,,FALSE,,,
,,,,FALSE,,,
,,,,FALSE,,,
,,,,FALSE,,,
,,,,FALSE,,,
,,,,FALSE,,,
,,,,FALSE,,,
,,,,FALSE,,,
,,,,FALSE,,,
,,,,FALSE,,,
,,,,FALSE,,,
,,,,FALSE,,,
,,,,FALSE,,,
,,,,FALSE,,,
,,,,FALSE,,,
,,,,FALSE,,,
,,,,FALSE,,,
,,,,FALSE,,,
,,,,FALSE,,,
,,,,FALSE,,,
,,,,FALSE,,,
,,,,FALSE,,,
,,,,FALSE,,,
,,,,FALSE,,,
,,,,FALSE,,,
,,,,FALSE,,,
,,,,FALSE,,,
,,,,FALSE,,,
,,,,FALSE,,,
,,,,FALSE,,,
,,,,FALSE,,,
,,,,FALSE,,,
,,,,FALSE,,,
,,,,FALSE,,,
,,,,FALSE,,,
,,,,FALSE,,,
,,,,FALSE,,,
,,,,FALSE,,,
,,,,FALSE,,,
,,,,FALSE,,,
,,,,FALSE,,,
,,,,FALSE,,,
,,,,FALSE,,,
,,,,FALSE,,,
,,,,FALSE,,,
,,,,FALSE,,,
,,,,FALSE,,,
,,,,FALSE,,,
,,,,FALSE,,,
,,,,FALSE,,,
,,,,FALSE,,,
,,,,FALSE,,,
,,,,FALSE,,,
,,,,FALSE,,,
,,,,FALSE,,,
,,,,FALSE,,,
,,,,FALSE,,,
,,,,FALSE,,,
,,,,FALSE,,,
,,,,FALSE,,,
,,,,FALSE,,,
,,,,FALSE,,,
,,,,FALSE,,,
,,,,FALSE,,,
,,,,FALSE,,,
,,,,FALSE,,,
,,,,FALSE,,,
,,,,FALSE,,,
,,,,FALSE,,,
,,,,FALSE,,,
,,,,FALSE,,,
,,,,FALSE,,,
,,,,FALSE,,,
,,,,FALSE,,,
,,,,FALSE,,,
,,,,FALSE,,,
,,,,FALSE,,,
,,,,FALSE,,,
,,,,FALSE,,,
,,,,FALSE,,,
,,,,FALSE,,,
,,,,FALSE,,,
,,,,FALSE,,,
,,,,FALSE,,,
,,,,FALSE,,,
,,,,FALSE,,,
,,,,FALSE,,,
,,,,FALSE,,,
,,,,FALSE,,,
,,,,FALSE,,,
,,,,FALSE,,,
,,,,FALSE,,,
,,,,FALSE,,,
,,,,FALSE,,,
,,,,FALSE,,,
,,,,FALSE,,,
,,,,FALSE,,,
,,,,FALSE,,,
,,,,FALSE,,,
,,,,FALSE,,,
,,,,FALSE,,,
,,,,FALSE,,,
,,,,FALSE,,,
,,,,FALSE,,,
,,,,FALSE,,,
,,,,FALSE,,,
,,,,FALSE,,,
,,,,FALSE,,,
,,,,FALSE,,,
,,,,FALSE,,,
,,,,FALSE,,,
,,,,FALSE,,,
,,,,FALSE,,,
,,,,FALSE,,,
,,,,FALSE,,,
,,,,FALSE,,,
,,,,FALSE,,,
,,,,FALSE,,,
,,,,FALSE,,,
,,,,FALSE,,,
,,,,FALSE,,,
,,,,FALSE,,,
,,,,FALSE,,,
,,,,FALSE,,,
,,,,FALSE,,,
,,,,FALSE,,,
,,,,FALSE,,,
,,,,FALSE,,,
,,,,FALSE,,,
,,,,FALSE,,,
,,,,FALSE,,,
,,,,FALSE,,,
,,,,FALSE,,,
,,,,FALSE,,,
,,,,FALSE,,,
,,,,FALSE,,,
,,,,FALSE,,,
,,,,FALSE,,,
,,,,FALSE,,,
,,,,FALSE,,,
,,,,FALSE,,,
,,,,FALSE,,,
,,,,FALSE,,,
,,,,FALSE,,,
,,,,FALSE,,,
,,,,FALSE,,,
,,,,FALSE,,,
,,,,FALSE,,,
,,,,FALSE,,,
,,,,FALSE,,,
,,,,FALSE,,,
,,,,FALSE,,,
,,,,FALSE,,,
,,,,FALSE,,,
,,,,FALSE,,,
,,,,FALSE,,,
,,,,FALSE,,,
,,,,FALSE,,,
,,,,FALSE,,,
,,,,FALSE,,,
,,,,FALSE,,,
,,,,FALSE,,,
,,,,FALSE,,,
,,,,FALSE,,,
,,,,FALSE,,,
,,,,FALSE,,,
,,,,FALSE,,,
,,,,FALSE,,,
,,,,FALSE,,,
,,,,FALSE,,,
,,,,FALSE,,,
,,,,FALSE,,,
,,,,FALSE,,,
,,,,FALSE,,,
,,,,FALSE,,,
,,,,FALSE,,,
,,,,FALSE,,,
,,,,FALSE,,,
,,,,FALSE,,,
,,,,FALSE,,,
,,,,FALSE,,,
,,,,FALSE,,,
,,,,FALSE,,,
,,,,FALSE,,,
,,,,FALSE,,,
,,,,FALSE,,,
,,,,FALSE,,,
,,,,FALSE,,,
,,,,FALSE,,,
,,,,FALSE,,,
,,,,FALSE,,,
,,,,FALSE,,,
,,,,FALSE,,,
,,,,FALSE,,,
,,,,FALSE,,,
,,,,FALSE,,,
,,,,FALSE,,,
,,,,FALSE,,,
,,,,FALSE,,,
,,,,FALSE,,,
,,,,FALSE,,,
,,,,FALSE,,,
,,,,FALSE,,,
,,,,FALSE,,,
,,,,FALSE,,,
,,,,FALSE,,,
,,,,FALSE,,,
,,,,FALSE,,,
,,,,FALSE,,,
,,,,FALSE,,,
,,,,FALSE,,,
,,,,FALSE,,,
,,,,FALSE,,,
,,,,FALSE,,,
,,,,FALSE,,,
,,,,FALSE,,,
,,,,FALSE,,,
,,,,FALSE,,,
,,,,FALSE,,,
,,,,FALSE,,,
,,,,FALSE,,,
,,,,FALSE,,,
,,,,FALSE,,,
,,,,FALSE,,,
,,,,FALSE,,,
,,,,FALSE,,,
,,,,FALSE,,,
,,,,FALSE,,,
,,,,FALSE,,,
,,,,FALSE,,,
,,,,FALSE,,,
,,,,FALSE,,,
,,,,FALSE,,,
,,,,FALSE,,,
,,,,FALSE,,,
,,,,FALSE,,,
,,,,FALSE,,,
,,,,FALSE,,,
,,,,FALSE,,,
,,,,FALSE,,,
,,,,FALSE,,,
,,,,FALSE,,,
,,,,FALSE,,,
,,,,FALSE,,,
,,,,FALSE,,,
,,,,FALSE,,,
,,,,FALSE,,,
,,,,FALSE,,,
,,,,FALSE,,,
,,,,FALSE,,,
,,,,FALSE,,,
,,,,FALSE,,,
,,,,FALSE,,,
,,,,FALSE,,,
,,,,FALSE,,,
,,,,FALSE,,,
,,,,FALSE,,,
,,,,FALSE,,,
,,,,FALSE,,,
,,,,FALSE,,,
,,,,FALSE,,,
,,,,FALSE,,,
,,,,FALSE,,,
,,,,FALSE,,,
,,,,FALSE,,,
,,,,FALSE,,,
,,,,FALSE,,,
,,,,FALSE,,,
,,,,FALSE,,,
,,,,FALSE,,,
,,,,FALSE,,,
,,,,FALSE,,,
,,,,FALSE,,,
,,,,FALSE,,,
,,,,FALSE,,,
,,,,FALSE,,,
,,,,FALSE,,,
,,,,FALSE,,,
,,,,FALSE,,,
,,,,FALSE,,,
,,,,FALSE,,,
,,,,FALSE,,,
,,,,FALSE,,,
,,,,FALSE,,,
,,,,FALSE,,,
,,,,FALSE,,,
,,,,FALSE,,,
,,,,FALSE,,,
,,,,FALSE,,,
,,,,FALSE,,,
,,,,FALSE,,,
,,,,FALSE,,,
,,,,FALSE,,,
,,,,FALSE,,,
,,,,FALSE,,,
,,,,FALSE,,,
,,,,FALSE,,,
,,,,FALSE,,,
,,,,FALSE,,,
,,,,FALSE,,,
,,,,FALSE,,,
,,,,FALSE,,,
,,,,FALSE,,,
,,,,FALSE,,,
,,,,FALSE,,,
,,,,FALSE,,,
,,,,FALSE,,,
,,,,FALSE,,,
,,,,FALSE,,,
,,,,FALSE,,,
,,,,FALSE,,,
,,,,FALSE,,,
,,,,FALSE,,,
,,,,FALSE,,,
,,,,FALSE,,,
,,,,FALSE,,,
,,,,FALSE,,,
,,,,FALSE,,,
,,,,FALSE,,,
,,,,FALSE,,,
,,,,FALSE,,,
,,,,FALSE,,,
,,,,FALSE,,,
,,,,FALSE,,,
,,,,FALSE,,,
,,,,FALSE,,,
,,,,FALSE,,,
,,,,FALSE,,,
,,,,FALSE,,,
,,,,FALSE,,,
,,,,FALSE,,,
,,,,FALSE,,,
,,,,FALSE,,,
,,,,FALSE,,,
,,,,FALSE,,,
,,,,FALSE,,,
,,,,FALSE,,,
,,,,FALSE,,,
,,,,FALSE,,,
,,,,FALSE,,,
,,,,FALSE,,,
,,,,FALSE,,,
,,,,FALSE,,,
,,,,FALSE,,,
,,,,FALSE,,,
,,,,FALSE,,,
,,,,FALSE,,,
,,,,FALSE,,,
,,,,FALSE,,,
,,,,FALSE,,,
,,,,FALSE,,,
,,,,FALSE,,,
,,,,FALSE,,,
,,,,FALSE,,,
,,,,FALSE,,,
,,,,FALSE,,,
,,,,FALSE,,,
,,,,FALSE,,,
,,,,FALSE,,,
,,,,FALSE,,,
,,,,FALSE,,,
,,,,FALSE,,,
,,,,FALSE,,,
,,,,FALSE,,,
,,,,FALSE,,,
,,,,FALSE,,,
,,,,FALSE,,,
,,,,FALSE,,,
,,,,FALSE,,,
,,,,FALSE,,,
,,,,FALSE,,,
,,,,FALSE,,,
,,,,FALSE,,,
,,,,FALSE,,,
,,,,FALSE,,,
,,,,FALSE,,,
,,,,FALSE,,,
,,,,FALSE,,,
,,,,FALSE,,,
,,,,FALSE,,,
,,,,FALSE,,,
,,,,FALSE,,,
,,,,FALSE,,,
,,,,FALSE,,,
,,,,FALSE,,,
,,,,FALSE,,,
,,,,FALSE,,,
,,,,FALSE,,,
,,,,FALSE,,,
,,,,FALSE,,,
,,,,FALSE,,,
,,,,FALSE,,,
,,,,FALSE,,,
,,,,FALSE,,,
,,,,FALSE,,,
,,,,FALSE,,,
,,,,FALSE,,,
,,,,FALSE,,,
,,,,FALSE,,,
,,,,FALSE,,,
,,,,FALSE,,,
,,,,FALSE,,,
,,,,FALSE,,,
,,,,FALSE,,,
,,,,FALSE,,,
,,,,FALSE,,,
,,,,FALSE,,,
,,,,FALSE,,,
,,,,FALSE,,,
,,,,FALSE,,,
,,,,FALSE,,,
,,,,FALSE,,,
,,,,FALSE,,,
,,,,FALSE,,,
,,,,FALSE,,,
,,,,FALSE,,,
,,,,FALSE,,,
,,,,FALSE,,,
,,,,FALSE,,,
,,,,FALSE,,,
,,,,FALSE,,,
,,,,FALSE,,,
,,,,FALSE,,,
,,,,FALSE,,,
,,,,FALSE,,,
,,,,FALSE,,,
,,,,FALSE,,,
,,,,FALSE,,,
,,,,FALSE,,,
,,,,FALSE,,,
,,,,FALSE,,,
,,,,FALSE,,,
,,,,FALSE,,,
,,,,FALSE,,,
,,,,FALSE,,,
,,,,FALSE,,,
,,,,FALSE,,,
,,,,FALSE,,,
,,,,FALSE,,,
,,,,FALSE,,,
,,,,FALSE,,,
,,,,FALSE,,,
,,,,FALSE,,,
,,,,FALSE,,,
,,,,FALSE,,,
,,,,FALSE,,,
,,,,FALSE,,,
,,,,FALSE,,,
,,,,FALSE,,,
,,,,FALSE,,,
,,,,FALSE,,,
,,,,FALSE,,,
,,,,FALSE,,,
,,,,FALSE,,,
,,,,FALSE,,,
,,,,FALSE,,,
,,,,FALSE,,,
,,,,FALSE,,,
,,,,FALSE,,,
,,,,FALSE,,,
,,,,FALSE,,,
,,,,FALSE,,,
,,,,FALSE,,,
,,,,FALSE,,,
,,,,FALSE,,,
,,,,FALSE,,,
,,,,FALSE,,,
,,,,FALSE,,,
,,,,FALSE,,,
,,,,FALSE,,,
,,,,FALSE,,,
,,,,FALSE,,,
,,,,FALSE,,,
,,,,FALSE,,,
,,,,FALSE,,,
,,,,FALSE,,,
,,,,FALSE,,,
,,,,FALSE,,,
,,,,FALSE,,,
,,,,FALSE,,,
,,,,FALSE,,,
,,,,FALSE,,,
,,,,FALSE,,,
,,,,FALSE,,,
,,,,FALSE,,,
,,,,FALSE,,,
,,,,FALSE,,,
,,,,FALSE,,,
,,,,FALSE,,,
,,,,FALSE,,,
,,,,FALSE,,,
,,,,FALSE,,,
,,,,FALSE,,,
,,,,FALSE,,,
,,,,FALSE,,,
,,,,FALSE,,,
,,,,FALSE,,,
,,,,FALSE,,,
,,,,FALSE,,,
,,,,FALSE,,,
,,,,FALSE,,,
,,,,FALSE,,,
,,,,FALSE,,,
,,,,FALSE,,,
,,,,FALSE,,,
,,,,FALSE,,,
,,,,FALSE,,,
,,,,FALSE,,,
,,,,FALSE,,,
,,,,FALSE,,,
,,,,FALSE,,,
,,,,FALSE,,,
,,,,FALSE,,,
,,,,FALSE,,,
,,,,FALSE,,,
,,,,FALSE,,,
,,,,FALSE,,,
,,,,FALSE,,,
,,,,FALSE,,,
,,,,FALSE,,,
,,,,FALSE,,,
,,,,FALSE,,,
,,,,FALSE,,,
,,,,FALSE,,,
,,,,FALSE,,,
,,,,FALSE,,,
,,,,FALSE,,,
,,,,FALSE,,,
,,,,FALSE,,,
,,,,FALSE,,,
,,,,FALSE,,,
,,,,FALSE,,,
,,,,FALSE,,,
,,,,FALSE,,,
,,,,FALSE,,,
,,,,FALSE,,,
,,,,FALSE,,,
,,,,FALSE,,,
,,,,FALSE,,,
,,,,FALSE,,,
,,,,FALSE,,,
,,,,FALSE,,,
,,,,FALSE,,,
,,,,FALSE,,,
,,,,FALSE,,,
,,,,FALSE,,,
,,,,FALSE,,,
,,,,FALSE,,,
,,,,FALSE,,,
,,,,FALSE,,,
,,,,FALSE,,,
,,,,FALSE,,,
,,,,FALSE,,,
,,,,FALSE,,,
,,,,FALSE,,,
,,,,FALSE,,,
,,,,FALSE,,,
,,,,FALSE,,,
,,,,FALSE,,,
,,,,FALSE,,,
,,,,FALSE,,,
,,,,FALSE,,,
,,,,FALSE,,,
,,,,FALSE,,,
,,,,FALSE,,,
,,,,FALSE,,,
,,,,FALSE,,,
,,,,FALSE,,,
,,,,FALSE,,,
,,,,FALSE,,,
,,,,FALSE,,,
,,,,FALSE,,,
,,,,FALSE,,,
,,,,FALSE,,,
,,,,FALSE,,,
,,,,FALSE,,,
,,,,FALSE,,,
,,,,FALSE,,,
,,,,FALSE,,,
,,,,FALSE,,,
,,,,FALSE,,,
,,,,FALSE,,,
,,,,FALSE,,,
,,,,FALSE,,,
,,,,FALSE,,,
,,,,FALSE,,,